name,loaded,inserted,running,waiting,total,jam,yield lane,wrong lane,collisions,stops,braking,vehicles,routeLength,speed,duration,waiting time,timeLoss,departDelay,total travel time,total depart delay
stats,9227,9224,1073,1,15,8,7,0,0,0,48,8151,7859.99,10.43,777.19,162.51,251.18,0.05,6334907.50,422.00
stats_full,9227,9227,0,0,16,8,8,0,0,0,50,9227,7945.17,10.30,812.49,184.45,279.85,0.22,7496852.00,2063.00
stats_full_routed,9227,9227,0,0,3,0,2,0,1,0,71,9227,7596.01,10.22,775.08,197.01,285.08,0.15,7151620.50,1438.00
stats_routed,9227,9225,942,0,3,0,2,0,1,0,79,8283,7559.92,10.30,765.23,192.67,279.95,0.13,6338395.50,1060.50
