name,loaded,inserted,running,waiting,total,jam,yield lane,wrong lane,collisions,stops,braking,vehicles,routeLength,speed,duration,waiting time,timeLoss,departDelay,total travel time,total depart delay
stats,7590,7588,84,0,0,0,0,0,0,0,3,7504,988.46,7.97,103.32,15.49,33.69,0.25,775347.00,1887.00
stats_full,7590,7590,0,0,0,0,0,0,0,0,3,7590,989.90,8.00,103.33,15.42,33.58,0.25,784246.00,1905.50
stats_full_routed,7590,7590,0,0,0,0,0,0,0,0,1,7590,963.18,7.61,107.59,22.45,40.41,0.58,816615.00,4430.00
stats_routed,7590,7588,108,0,0,0,0,0,0,0,0,7480,961.30,7.57,106.20,21.37,39.11,0.55,794375.00,4122.00
