<?xml version="1.0" encoding="UTF-8"?>

<!-- generated on 2024-05-11 17:04:39 by Eclipse SUMO sumo Version 1.18.0
<configuration xmlns:xsi="http://www.w3.org/2001/XMLSchema-instance" xsi:noNamespaceSchemaLocation="http://sumo.dlr.de/xsd/sumoConfiguration.xsd">

    <input>
        <net-file value="/home/svadlmat/UTC/utc/data/scenarios/lust_25200_32400_red_filtered/config/../../../maps/sumo/lust.net.xml"/>
        <additional-files value="/home/svadlmat/UTC/utc/data/scenarios/lust_25200_32400_red_filtered/config/../../lust_25200_32400_red_filtered/additional/lust_25200_32400_red_filtered.rou.xml,/home/svadlmat/UTC/utc/data/scenarios/lust_25200_32400_red_filtered/config/../../lust_25200_32400_red_filtered/additional/lust_25200_32400_red_filtered_vehicles.add.xml,/home/svadlmat/UTC/utc/data/scenarios/lust_25200_32400_red_filtered/config/../../Lust/additional/tll.static.xml"/>
    </input>

    <output>
        <statistic-output value="stats_full_routed.xml"/>
    </output>

    <time>
        <begin value="25200"/>
        <step-length value="0.5"/>
    </time>

    <routing>
        <device.rerouting.probability value="1"/>
        <device.rerouting.pre-period value="30"/>
        <device.rerouting.threads value="8"/>
    </routing>

    <report>
        <no-warnings value="true"/>
        <duration-log.statistics value="true"/>
    </report>

</configuration>
-->

<statistics xmlns:xsi="http://www.w3.org/2001/XMLSchema-instance" xsi:noNamespaceSchemaLocation="http://sumo.dlr.de/xsd/statistic_file.xsd">
    <performance clockBegin="1715439879.92" clockEnd="1715439903.01" clockDuration="23.09" traciDuration="81.63" realTimeFactor="320.55" vehicleUpdatesPerSecond="70748.54" personUpdatesPerSecond="0.00" begin="25200.00" end="32600.00" duration="7400.00"/>
    <vehicles loaded="7590" inserted="7590" running="0" waiting="0"/>
    <teleports total="0" jam="0" yield="0" wrongLane="0"/>
    <safety collisions="0" emergencyStops="0" emergencyBraking="1"/>
    <persons loaded="0" running="0" jammed="0"/>
    <personTeleports total="0" abortWait="0" wrongDest="0"/>
    <vehicleTripStatistics count="7590" routeLength="963.18" speed="7.61" duration="107.59" waitingTime="22.45" timeLoss="40.41" departDelay="0.58" departDelayWaiting="-1.00" totalTravelTime="816615.00" totalDepartDelay="4430.00"/>
    <pedestrianStatistics number="0" routeLength="0.00" duration="0.00" timeLoss="0.00"/>
    <rideStatistics number="0"/>
    <transportStatistics number="0"/>
</statistics>
