{
  "total": {
    "problems": {
      "time": 14.501,
      "routes": 18515,
      "junctions": 11407,
      "generated": 236
    },
    "vehicles": {
      "total": 4691,
      "scheduled": 1639,
      "routed": 1639,
      "short_route": 242,
      "invalid_route": 210
    },
    "results": {
      "cost": 0,
      "plans": 340,
      "timeout": 6357.499,
      "unique": 236
    }
  },
  "average": {
    "problems": {
      "time": 0.061,
      "routes": 78.453,
      "junctions": 48.335
    },
    "vehicles": {
      "total": 19.877,
      "scheduled": 6.945,
      "routed": 6.945,
      "short_route": 1.025,
      "invalid_route": 0.89
    },
    "results": {
      "cost": 0.0,
      "plans": 1.441,
      "timeout": 26.939,
      "unique": 1.0
    }
  }
}