name,loaded,inserted,running,waiting,total,jam,yield lane,wrong lane,collisions,stops,braking,vehicles,routeLength,speed,duration,waiting time,timeLoss,departDelay,total travel time,total depart delay
stats,5137,5137,37,0,0,0,0,0,0,0,12,5100,653.08,7.85,92.00,20.50,42.38,1.27,469179.00,6479.38
stats_full,5137,5137,0,0,0,0,0,0,0,0,12,5137,655.30,7.85,92.34,20.57,42.56,1.26,474362.00,6484.17
stats_full_routed,5137,5137,0,0,0,0,0,0,0,0,11,5137,644.33,7.72,92.30,21.31,43.52,2.62,474120.00,13472.67
stats_routed,5137,5137,46,0,0,0,0,0,0,0,11,5091,641.85,7.74,91.78,21.11,43.19,2.49,467276.00,12656.37
