<?xml version="1.0" encoding="UTF-8"?>

<!-- generated on 2024-05-12 10:07:01 by Eclipse SUMO sumo Version 1.18.0
<configuration xmlns:xsi="http://www.w3.org/2001/XMLSchema-instance" xsi:noNamespaceSchemaLocation="http://sumo.dlr.de/xsd/sumoConfiguration.xsd">

    <input>
        <net-file value="/home/svadlmat/UTC/utc/data/scenarios/itsc_25200_32400_green_planned_filtered/config/../../../maps/sumo/DCC.net.xml"/>
        <additional-files value="/home/svadlmat/UTC/utc/data/scenarios/itsc_25200_32400_green_planned_filtered/config/../../itsc_25200_32400_green_planned_filtered/additional/itsc_25200_32400_green_planned_filtered.rou.xml,/home/svadlmat/UTC/utc/data/scenarios/itsc_25200_32400_green_planned_filtered/config/../../itsc_25200_32400_green_planned_filtered/additional/itsc_25200_32400_green_planned_filtered_vehicles.add.xml,/home/svadlmat/UTC/utc/data/scenarios/itsc_25200_32400_green_planned_filtered/config/../../Base/DCC_trafficlights.add.xml"/>
    </input>

    <output>
        <statistic-output value="stats.xml"/>
    </output>

    <time>
        <begin value="25200"/>
        <end value="32400"/>
        <step-length value="0.5"/>
    </time>

    <report>
        <no-warnings value="true"/>
        <duration-log.statistics value="true"/>
    </report>

</configuration>
-->

<statistics xmlns:xsi="http://www.w3.org/2001/XMLSchema-instance" xsi:noNamespaceSchemaLocation="http://sumo.dlr.de/xsd/statistic_file.xsd">
    <performance clockBegin="1715501221.89" clockEnd="1715501228.52" clockDuration="6.63" traciDuration="12.34" realTimeFactor="1086.14" vehicleUpdatesPerSecond="142547.44" personUpdatesPerSecond="0.00" begin="25200.00" end="32400.00" duration="7200.00"/>
    <vehicles loaded="5137" inserted="5137" running="37" waiting="0"/>
    <teleports total="0" jam="0" yield="0" wrongLane="0"/>
    <safety collisions="0" emergencyStops="0" emergencyBraking="12"/>
    <persons loaded="0" running="0" jammed="0"/>
    <personTeleports total="0" abortWait="0" wrongDest="0"/>
    <vehicleTripStatistics count="5100" routeLength="653.08" speed="7.85" duration="92.00" waitingTime="20.50" timeLoss="42.38" departDelay="1.27" departDelayWaiting="-1.00" totalTravelTime="469179.00" totalDepartDelay="6479.38"/>
    <pedestrianStatistics number="0" routeLength="0.00" duration="0.00" timeLoss="0.00"/>
    <rideStatistics number="0"/>
    <transportStatistics number="0"/>
</statistics>
