<?xml version="1.0" encoding="UTF-8"?>

<!-- generated on 2024-05-11 17:10:25 by Eclipse SUMO sumo Version 1.18.0
<configuration xmlns:xsi="http://www.w3.org/2001/XMLSchema-instance" xsi:noNamespaceSchemaLocation="http://sumo.dlr.de/xsd/sumoConfiguration.xsd">

    <input>
        <net-file value="/home/svadlmat/UTC/utc/data/scenarios/lust_25200_32400_orange/config/../../../maps/sumo/lust.net.xml"/>
        <additional-files value="/home/svadlmat/UTC/utc/data/scenarios/lust_25200_32400_orange/config/../../lust_25200_32400_orange/additional/lust_25200_32400_orange.rou.xml,/home/svadlmat/UTC/utc/data/scenarios/lust_25200_32400_orange/config/../../lust_25200_32400_orange/additional/lust_25200_32400_orange_vehicles.add.xml,/home/svadlmat/UTC/utc/data/scenarios/lust_25200_32400_orange/config/../../Lust/additional/tll.static.xml"/>
    </input>

    <output>
        <statistic-output value="stats_full.xml"/>
    </output>

    <time>
        <begin value="25200"/>
        <step-length value="0.5"/>
    </time>

    <report>
        <no-warnings value="true"/>
        <duration-log.statistics value="true"/>
    </report>

</configuration>
-->

<statistics xmlns:xsi="http://www.w3.org/2001/XMLSchema-instance" xsi:noNamespaceSchemaLocation="http://sumo.dlr.de/xsd/statistic_file.xsd">
    <performance clockBegin="1715440225.50" clockEnd="1715440373.76" clockDuration="148.27" traciDuration="121.59" realTimeFactor="59.20" vehicleUpdatesPerSecond="60501.39" personUpdatesPerSecond="0.00" begin="25200.00" end="33978.00" duration="8778.00"/>
    <vehicles loaded="6576" inserted="6576" running="0" waiting="0"/>
    <teleports total="0" jam="0" yield="0" wrongLane="0"/>
    <safety collisions="0" emergencyStops="0" emergencyBraking="60"/>
    <persons loaded="0" running="0" jammed="0"/>
    <personTeleports total="0" abortWait="0" wrongDest="0"/>
    <vehicleTripStatistics count="6576" routeLength="7119.03" speed="10.50" duration="682.05" waitingTime="136.75" timeLoss="211.21" departDelay="0.53" departDelayWaiting="-1.00" totalTravelTime="4485179.50" totalDepartDelay="3465.00"/>
    <pedestrianStatistics number="0" routeLength="0.00" duration="0.00" timeLoss="0.00"/>
    <rideStatistics number="0"/>
    <transportStatistics number="0"/>
</statistics>
