name,loaded,inserted,running,waiting,total,jam,yield lane,wrong lane,collisions,stops,braking,vehicles,routeLength,speed,duration,waiting time,timeLoss,departDelay,total travel time,total depart delay
stats,10778,10071,2875,707,2135,1311,605,217,2,0,101,7196,2211.58,5.50,656.35,336.79,411.55,41.15,4723093.50,296134.26
stats_full,10778,10778,0,0,3009,1849,839,319,2,0,138,10778,2268.88,4.12,1514.40,1119.27,1244.79,259.95,16322212.00,2801799.97
stats_full_routed,10778,10778,0,0,33,10,18,1,4,0,135,10778,2073.98,6.99,312.22,62.61,109.72,23.56,3365076.50,253979.97
stats_routed,10778,10778,121,0,33,10,18,1,4,0,135,10657,2069.90,6.98,312.36,62.89,110.14,23.83,3328850.00,253964.66
