name,loaded,inserted,running,waiting,total,jam,yield lane,wrong lane,collisions,stops,braking,vehicles,routeLength,speed,duration,waiting time,timeLoss,departDelay,total travel time,total depart delay
stats,10778,10273,118,505,138,77,36,25,0,0,13,10155,821.95,5.48,272.61,143.57,186.89,182.70,2768393.50,1855282.16
stats_full,10778,10778,0,0,138,77,36,25,0,0,13,10778,841.84,5.58,271.78,141.27,184.89,318.79,2929266.00,3435942.97
stats_full_routed,10778,10778,0,0,103,67,36,0,0,0,10,10778,873.40,6.17,204.44,83.24,117.30,59.47,2203448.00,640960.47
stats_routed,10778,10676,82,102,103,67,36,0,0,0,10,10594,870.23,6.16,205.09,84.24,118.29,48.72,2172723.00,516175.71
