<?xml version="1.0" encoding="UTF-8"?>

<!-- generated on 2024-05-12 10:12:10 by Eclipse SUMO sumo Version 1.18.0
<configuration xmlns:xsi="http://www.w3.org/2001/XMLSchema-instance" xsi:noNamespaceSchemaLocation="http://sumo.dlr.de/xsd/sumoConfiguration.xsd">

    <input>
        <net-file value="/home/svadlmat/UTC/utc/data/scenarios/itsc_25200_32400_orange_planned_filtered/config/../../../maps/sumo/DCC.net.xml"/>
        <additional-files value="/home/svadlmat/UTC/utc/data/scenarios/itsc_25200_32400_orange_planned_filtered/config/../../itsc_25200_32400_orange_planned_filtered/additional/itsc_25200_32400_orange_planned_filtered.rou.xml,/home/svadlmat/UTC/utc/data/scenarios/itsc_25200_32400_orange_planned_filtered/config/../../itsc_25200_32400_orange_planned_filtered/additional/itsc_25200_32400_orange_planned_filtered_vehicles.add.xml,/home/svadlmat/UTC/utc/data/scenarios/itsc_25200_32400_orange_planned_filtered/config/../../Base/DCC_trafficlights.add.xml"/>
    </input>

    <output>
        <statistic-output value="stats_routed.xml"/>
    </output>

    <time>
        <begin value="25200"/>
        <end value="32400"/>
        <step-length value="0.5"/>
    </time>

    <routing>
        <device.rerouting.probability value="1"/>
        <device.rerouting.pre-period value="30"/>
        <device.rerouting.threads value="8"/>
    </routing>

    <report>
        <no-warnings value="true"/>
        <duration-log.statistics value="true"/>
    </report>

</configuration>
-->

<statistics xmlns:xsi="http://www.w3.org/2001/XMLSchema-instance" xsi:noNamespaceSchemaLocation="http://sumo.dlr.de/xsd/statistic_file.xsd">
    <performance clockBegin="1715501530.64" clockEnd="1715501580.42" clockDuration="49.78" traciDuration="52.82" realTimeFactor="144.64" vehicleUpdatesPerSecond="87601.64" personUpdatesPerSecond="0.00" begin="25200.00" end="32400.00" duration="7200.00"/>
    <vehicles loaded="10778" inserted="10676" running="82" waiting="102"/>
    <teleports total="103" jam="67" yield="36" wrongLane="0"/>
    <safety collisions="0" emergencyStops="0" emergencyBraking="10"/>
    <persons loaded="0" running="0" jammed="0"/>
    <personTeleports total="0" abortWait="0" wrongDest="0"/>
    <vehicleTripStatistics count="10594" routeLength="870.23" speed="6.16" duration="205.09" waitingTime="84.24" timeLoss="118.29" departDelay="48.72" departDelayWaiting="-1.00" totalTravelTime="2172723.00" totalDepartDelay="516175.71"/>
    <pedestrianStatistics number="0" routeLength="0.00" duration="0.00" timeLoss="0.00"/>
    <rideStatistics number="0"/>
    <transportStatistics number="0"/>
</statistics>
