{
  "total": {
    "problems": {
      "time": 36.172,
      "routes": 51188,
      "junctions": 32895,
      "generated": 238
    },
    "vehicles": {
      "total": 10778,
      "scheduled": 7099,
      "routed": 6460,
      "short_route": 273,
      "invalid_route": 365
    },
    "results": {
      "cost": 0,
      "plans": 229,
      "timeout": 6389.828,
      "unique": 229
    }
  },
  "average": {
    "problems": {
      "time": 0.152,
      "routes": 215.076,
      "junctions": 138.214
    },
    "vehicles": {
      "total": 45.286,
      "scheduled": 29.828,
      "routed": 27.143,
      "short_route": 1.147,
      "invalid_route": 1.534
    },
    "results": {
      "cost": 0.0,
      "plans": 0.962,
      "timeout": 26.848,
      "unique": 0.9621848739495799
    }
  }
}