name,loaded,inserted,running,waiting,total,jam,yield lane,wrong lane,collisions,stops,braking,vehicles,routeLength,speed,duration,waiting time,timeLoss,departDelay,total travel time,total depart delay
stats,10778,10277,2122,501,1697,1002,525,157,13,0,119,8155,2220.66,5.44,701.29,378.82,461.92,55.76,5719023.50,454736.41
stats_full,10778,10778,0,0,2113,1263,634,201,15,0,150,10778,2269.87,4.55,1184.65,817.18,931.17,240.57,12768177.50,2592901.47
stats_full_routed,10778,10778,0,0,33,10,18,1,4,0,135,10778,2073.98,6.99,312.22,62.61,109.72,23.56,3365076.50,253979.97
stats_routed,10778,10778,121,0,33,10,18,1,4,0,135,10657,2069.90,6.98,312.36,62.89,110.14,23.83,3328850.00,253964.66
