<?xml version="1.0" encoding="UTF-8"?>

<!-- generated on 2024-05-12 13:16:25 by Eclipse SUMO sumo Version 1.18.0
<configuration xmlns:xsi="http://www.w3.org/2001/XMLSchema-instance" xsi:noNamespaceSchemaLocation="http://sumo.dlr.de/xsd/sumoConfiguration.xsd">

    <input>
        <net-file value="/home/svadlmat/UTC/utc/data/scenarios/itsc_25200_32400_orange_planned/config/../../../maps/sumo/DCC.net.xml"/>
        <additional-files value="/home/svadlmat/UTC/utc/data/scenarios/itsc_25200_32400_orange_planned/config/../../itsc_25200_32400_orange_planned/additional/itsc_25200_32400_orange_planned.rou.xml,/home/svadlmat/UTC/utc/data/scenarios/itsc_25200_32400_orange_planned/config/../../itsc_25200_32400_orange_planned/additional/itsc_25200_32400_orange_planned_vehicles.add.xml,/home/svadlmat/UTC/utc/data/scenarios/itsc_25200_32400_orange_planned/config/../../Base/DCC_trafficlights.add.xml"/>
    </input>

    <output>
        <statistic-output value="stats_full_routed.xml"/>
    </output>

    <time>
        <begin value="25200"/>
        <step-length value="0.5"/>
    </time>

    <routing>
        <device.rerouting.probability value="1"/>
        <device.rerouting.pre-period value="30"/>
        <device.rerouting.threads value="8"/>
    </routing>

    <report>
        <no-warnings value="true"/>
        <duration-log.statistics value="true"/>
    </report>

</configuration>
-->

<statistics xmlns:xsi="http://www.w3.org/2001/XMLSchema-instance" xsi:noNamespaceSchemaLocation="http://sumo.dlr.de/xsd/statistic_file.xsd">
    <performance clockBegin="1715512585.81" clockEnd="1715512708.55" clockDuration="122.74" traciDuration="76.28" realTimeFactor="61.57" vehicleUpdatesPerSecond="54832.16" personUpdatesPerSecond="0.00" begin="25200.00" end="32757.50" duration="7557.50"/>
    <vehicles loaded="10778" inserted="10778" running="0" waiting="0"/>
    <teleports total="33" jam="10" yield="18" wrongLane="1"/>
    <safety collisions="4" emergencyStops="0" emergencyBraking="135"/>
    <persons loaded="0" running="0" jammed="0"/>
    <personTeleports total="0" abortWait="0" wrongDest="0"/>
    <vehicleTripStatistics count="10778" routeLength="2073.98" speed="6.99" duration="312.22" waitingTime="62.61" timeLoss="109.72" departDelay="23.56" departDelayWaiting="-1.00" totalTravelTime="3365076.50" totalDepartDelay="253979.97"/>
    <pedestrianStatistics number="0" routeLength="0.00" duration="0.00" timeLoss="0.00"/>
    <rideStatistics number="0"/>
    <transportStatistics number="0"/>
</statistics>
