name,loaded,inserted,running,waiting,total,jam,yield lane,wrong lane,collisions,stops,braking,vehicles,routeLength,speed,duration,waiting time,timeLoss,departDelay,total travel time,total depart delay
stats,5137,5137,45,0,0,0,0,0,0,0,12,5092,653.18,7.86,91.63,20.48,42.00,0.34,466574.00,1742.51
stats_full,5137,5137,0,0,0,0,0,0,0,0,12,5137,655.52,7.85,92.11,20.63,42.30,0.34,473176.50,1747.17
stats_full_routed,5137,5137,0,0,0,0,0,0,0,0,9,5137,643.34,7.74,92.22,21.16,43.51,1.31,473715.00,6725.67
stats_routed,5137,5137,36,0,0,0,0,0,0,0,9,5101,641.53,7.75,91.96,21.09,43.38,1.32,469074.50,6721.82
