name,loaded,inserted,running,waiting,total,jam,yield lane,wrong lane,collisions,stops,braking,vehicles,routeLength,speed,duration,waiting time,timeLoss,departDelay,total travel time,total depart delay
stats,5137,5091,139,46,0,0,0,0,0,0,11,4952,1833.90,8.26,229.05,40.41,82.13,3.65,1134237.00,18067.13
stats_full,5137,5137,0,0,0,0,0,0,0,0,11,5137,1838.41,8.26,229.82,40.57,82.44,9.01,1180611.00,46309.17
stats_full_routed,5137,5137,0,0,0,0,0,0,0,0,12,5137,1770.11,8.35,217.59,38.84,77.88,12.73,1117758.00,65376.67
stats_routed,5137,5089,124,48,0,0,0,0,0,0,12,4965,1765.97,8.35,217.02,38.71,77.68,6.79,1077521.50,33731.32
