{
  "total": {
    "problems": {
      "time": 16.797,
      "routes": 27731,
      "junctions": 16240,
      "generated": 240
    },
    "vehicles": {
      "total": 5137,
      "scheduled": 2879,
      "routed": 2879,
      "short_route": 195,
      "invalid_route": 204
    },
    "results": {
      "cost": 0,
      "plans": 260,
      "timeout": 6463.203,
      "unique": 240
    }
  },
  "average": {
    "problems": {
      "time": 0.07,
      "routes": 115.546,
      "junctions": 67.667
    },
    "vehicles": {
      "total": 21.404,
      "scheduled": 11.996,
      "routed": 11.996,
      "short_route": 0.812,
      "invalid_route": 0.85
    },
    "results": {
      "cost": 0.0,
      "plans": 1.083,
      "timeout": 26.93,
      "unique": 1.0
    }
  }
}