name,loaded,inserted,running,waiting,total,jam,yield lane,wrong lane,collisions,stops,braking,vehicles,routeLength,speed,duration,waiting time,timeLoss,departDelay,total travel time,total depart delay
stats,10778,10640,102,138,38,26,5,7,0,0,15,10538,843.12,5.97,209.28,84.10,123.58,162.70,2205386.50,1714545.43
stats_full,10778,10778,0,0,38,26,5,7,0,0,15,10778,850.95,6.00,208.29,82.53,122.03,193.54,2244995.50,2086016.97
stats_full_routed,10778,10778,0,0,286,137,142,7,0,0,16,10778,922.91,5.81,317.96,183.18,223.91,100.00,3427002.50,1077852.47
stats_routed,10778,10457,628,321,190,94,90,6,0,0,12,9829,876.62,6.14,204.41,83.11,116.10,36.93,2009117.00,362992.65
