<?xml version="1.0" encoding="UTF-8"?>

<!-- generated on 2024-05-11 17:58:29 by Eclipse SUMO sumo Version 1.18.0
<configuration xmlns:xsi="http://www.w3.org/2001/XMLSchema-instance" xsi:noNamespaceSchemaLocation="http://sumo.dlr.de/xsd/sumoConfiguration.xsd">

    <input>
        <net-file value="/home/svadlmat/UTC/utc/data/scenarios/itsc_25200_32400_orange_planned_filtered/config/../../../maps/sumo/DCC.net.xml"/>
        <additional-files value="/home/svadlmat/UTC/utc/data/scenarios/itsc_25200_32400_orange_planned_filtered/config/../../itsc_25200_32400_orange_planned_filtered/additional/itsc_25200_32400_orange_planned_filtered.rou.xml,/home/svadlmat/UTC/utc/data/scenarios/itsc_25200_32400_orange_planned_filtered/config/../../itsc_25200_32400_orange_planned_filtered/additional/itsc_25200_32400_orange_planned_filtered_vehicles.add.xml,/home/svadlmat/UTC/utc/data/scenarios/itsc_25200_32400_orange_planned_filtered/config/../../Base/DCC_trafficlights.add.xml"/>
    </input>

    <output>
        <statistic-output value="stats_full.xml"/>
    </output>

    <time>
        <begin value="25200"/>
        <step-length value="0.5"/>
    </time>

    <report>
        <no-warnings value="true"/>
        <duration-log.statistics value="true"/>
    </report>

</configuration>
-->

<statistics xmlns:xsi="http://www.w3.org/2001/XMLSchema-instance" xsi:noNamespaceSchemaLocation="http://sumo.dlr.de/xsd/statistic_file.xsd">
    <performance clockBegin="1715443109.33" clockEnd="1715443153.50" clockDuration="44.17" traciDuration="68.38" realTimeFactor="174.10" vehicleUpdatesPerSecond="101647.90" personUpdatesPerSecond="0.00" begin="25200.00" end="32890.50" duration="7690.50"/>
    <vehicles loaded="10778" inserted="10778" running="0" waiting="0"/>
    <teleports total="38" jam="26" yield="5" wrongLane="7"/>
    <safety collisions="0" emergencyStops="0" emergencyBraking="15"/>
    <persons loaded="0" running="0" jammed="0"/>
    <personTeleports total="0" abortWait="0" wrongDest="0"/>
    <vehicleTripStatistics count="10778" routeLength="850.95" speed="6.00" duration="208.29" waitingTime="82.53" timeLoss="122.03" departDelay="193.54" departDelayWaiting="-1.00" totalTravelTime="2244995.50" totalDepartDelay="2086016.97"/>
    <pedestrianStatistics number="0" routeLength="0.00" duration="0.00" timeLoss="0.00"/>
    <rideStatistics number="0"/>
    <transportStatistics number="0"/>
</statistics>
