<?xml version="1.0" encoding="UTF-8"?>

<!-- generated on 2024-05-11 17:59:11 by Eclipse SUMO sumo Version 1.18.0
<configuration xmlns:xsi="http://www.w3.org/2001/XMLSchema-instance" xsi:noNamespaceSchemaLocation="http://sumo.dlr.de/xsd/sumoConfiguration.xsd">

    <input>
        <net-file value="/home/svadlmat/UTC/utc/data/scenarios/itsc_25200_32400_orange_planned_filtered/config/../../../maps/sumo/DCC.net.xml"/>
        <additional-files value="/home/svadlmat/UTC/utc/data/scenarios/itsc_25200_32400_orange_planned_filtered/config/../../itsc_25200_32400_orange_planned_filtered/additional/itsc_25200_32400_orange_planned_filtered.rou.xml,/home/svadlmat/UTC/utc/data/scenarios/itsc_25200_32400_orange_planned_filtered/config/../../itsc_25200_32400_orange_planned_filtered/additional/itsc_25200_32400_orange_planned_filtered_vehicles.add.xml,/home/svadlmat/UTC/utc/data/scenarios/itsc_25200_32400_orange_planned_filtered/config/../../Base/DCC_trafficlights.add.xml"/>
    </input>

    <output>
        <statistic-output value="stats_full_routed.xml"/>
    </output>

    <time>
        <begin value="25200"/>
        <step-length value="0.5"/>
    </time>

    <routing>
        <device.rerouting.probability value="1"/>
        <device.rerouting.pre-period value="30"/>
        <device.rerouting.threads value="8"/>
    </routing>

    <report>
        <no-warnings value="true"/>
        <duration-log.statistics value="true"/>
    </report>

</configuration>
-->

<statistics xmlns:xsi="http://www.w3.org/2001/XMLSchema-instance" xsi:noNamespaceSchemaLocation="http://sumo.dlr.de/xsd/statistic_file.xsd">
    <performance clockBegin="1715443152.04" clockEnd="1715443224.93" clockDuration="72.90" traciDuration="141.45" realTimeFactor="124.04" vehicleUpdatesPerSecond="94023.55" personUpdatesPerSecond="0.00" begin="25200.00" end="34242.50" duration="9042.50"/>
    <vehicles loaded="10778" inserted="10778" running="0" waiting="0"/>
    <teleports total="286" jam="137" yield="142" wrongLane="7"/>
    <safety collisions="0" emergencyStops="0" emergencyBraking="16"/>
    <persons loaded="0" running="0" jammed="0"/>
    <personTeleports total="0" abortWait="0" wrongDest="0"/>
    <vehicleTripStatistics count="10778" routeLength="922.91" speed="5.81" duration="317.96" waitingTime="183.18" timeLoss="223.91" departDelay="100.00" departDelayWaiting="-1.00" totalTravelTime="3427002.50" totalDepartDelay="1077852.47"/>
    <pedestrianStatistics number="0" routeLength="0.00" duration="0.00" timeLoss="0.00"/>
    <rideStatistics number="0"/>
    <transportStatistics number="0"/>
</statistics>
