name,loaded,inserted,running,waiting,total,jam,yield lane,wrong lane,collisions,stops,braking,vehicles,routeLength,speed,duration,waiting time,timeLoss,departDelay,total travel time,total depart delay
stats,6576,6575,95,1,0,0,0,0,0,0,6,6480,892.17,7.87,112.44,26.84,48.23,0.53,728590.00,3408.50
stats_full,6576,6576,0,0,0,0,0,0,0,0,6,6576,894.65,7.87,112.91,27.05,48.51,0.53,742525.50,3457.00
stats_full_routed,6576,6576,0,0,0,0,0,0,0,0,1,6576,870.16,7.31,119.12,33.33,56.54,0.53,783369.50,3462.50
stats_routed,6576,6573,100,3,0,0,0,0,0,0,2,6473,868.57,7.34,118.97,33.31,56.51,0.39,770097.50,2522.50
