<?xml version="1.0" encoding="UTF-8"?>

<!-- generated on 2024-05-11 17:12:29 by Eclipse SUMO sumo Version 1.18.0
<configuration xmlns:xsi="http://www.w3.org/2001/XMLSchema-instance" xsi:noNamespaceSchemaLocation="http://sumo.dlr.de/xsd/sumoConfiguration.xsd">

    <input>
        <net-file value="/home/svadlmat/UTC/utc/data/scenarios/lust_25200_32400_orange_filtered/config/../../../maps/sumo/lust.net.xml"/>
        <additional-files value="/home/svadlmat/UTC/utc/data/scenarios/lust_25200_32400_orange_filtered/config/../../lust_25200_32400_orange_filtered/additional/lust_25200_32400_orange_filtered.rou.xml,/home/svadlmat/UTC/utc/data/scenarios/lust_25200_32400_orange_filtered/config/../../lust_25200_32400_orange_filtered/additional/lust_25200_32400_orange_filtered_vehicles.add.xml,/home/svadlmat/UTC/utc/data/scenarios/lust_25200_32400_orange_filtered/config/../../Lust/additional/tll.static.xml"/>
    </input>

    <output>
        <statistic-output value="stats_full.xml"/>
    </output>

    <time>
        <begin value="25200"/>
        <step-length value="0.5"/>
    </time>

    <report>
        <no-warnings value="true"/>
        <duration-log.statistics value="true"/>
    </report>

</configuration>
-->

<statistics xmlns:xsi="http://www.w3.org/2001/XMLSchema-instance" xsi:noNamespaceSchemaLocation="http://sumo.dlr.de/xsd/statistic_file.xsd">
    <performance clockBegin="1715440350.08" clockEnd="1715440360.31" clockDuration="10.24" traciDuration="33.73" realTimeFactor="725.70" vehicleUpdatesPerSecond="145095.36" personUpdatesPerSecond="0.00" begin="25200.00" end="32627.50" duration="7427.50"/>
    <vehicles loaded="6576" inserted="6576" running="0" waiting="0"/>
    <teleports total="0" jam="0" yield="0" wrongLane="0"/>
    <safety collisions="0" emergencyStops="0" emergencyBraking="6"/>
    <persons loaded="0" running="0" jammed="0"/>
    <personTeleports total="0" abortWait="0" wrongDest="0"/>
    <vehicleTripStatistics count="6576" routeLength="894.65" speed="7.87" duration="112.91" waitingTime="27.05" timeLoss="48.51" departDelay="0.53" departDelayWaiting="-1.00" totalTravelTime="742525.50" totalDepartDelay="3457.00"/>
    <pedestrianStatistics number="0" routeLength="0.00" duration="0.00" timeLoss="0.00"/>
    <rideStatistics number="0"/>
    <transportStatistics number="0"/>
</statistics>
