name,loaded,inserted,running,waiting,total,jam,yield lane,wrong lane,collisions,stops,braking,vehicles,routeLength,speed,duration,waiting time,timeLoss,departDelay,total travel time,total depart delay
stats,5137,5103,135,34,0,0,0,0,0,0,7,4968,1832.99,8.26,229.03,40.32,82.20,3.08,1137823.00,15279.70
stats_full,5137,5137,0,0,0,0,0,0,0,0,7,5137,1838.31,8.25,229.72,40.39,82.33,6.76,1180065.50,34720.67
stats_full_routed,5137,5137,0,0,0,0,0,0,0,0,12,5137,1770.11,8.35,217.59,38.84,77.88,12.73,1117758.00,65376.67
stats_routed,5137,5089,124,48,0,0,0,0,0,0,12,4965,1765.97,8.35,217.02,38.71,77.68,6.79,1077521.50,33731.32
