<?xml version="1.0" encoding="UTF-8"?>

<!-- generated on 2024-05-12 13:13:42 by Eclipse SUMO sumo Version 1.18.0
<configuration xmlns:xsi="http://www.w3.org/2001/XMLSchema-instance" xsi:noNamespaceSchemaLocation="http://sumo.dlr.de/xsd/sumoConfiguration.xsd">

    <input>
        <net-file value="/home/svadlmat/UTC/utc/data/scenarios/itsc_25200_32400_green_planned/config/../../../maps/sumo/DCC.net.xml"/>
        <additional-files value="/home/svadlmat/UTC/utc/data/scenarios/itsc_25200_32400_green_planned/config/../../itsc_25200_32400_green_planned/additional/itsc_25200_32400_green_planned.rou.xml,/home/svadlmat/UTC/utc/data/scenarios/itsc_25200_32400_green_planned/config/../../itsc_25200_32400_green_planned/additional/itsc_25200_32400_green_planned_vehicles.add.xml,/home/svadlmat/UTC/utc/data/scenarios/itsc_25200_32400_green_planned/config/../../Base/DCC_trafficlights.add.xml"/>
    </input>

    <output>
        <statistic-output value="stats_full.xml"/>
    </output>

    <time>
        <begin value="25200"/>
        <step-length value="0.5"/>
    </time>

    <report>
        <no-warnings value="true"/>
        <duration-log.statistics value="true"/>
    </report>

</configuration>
-->

<statistics xmlns:xsi="http://www.w3.org/2001/XMLSchema-instance" xsi:noNamespaceSchemaLocation="http://sumo.dlr.de/xsd/statistic_file.xsd">
    <performance clockBegin="1715512422.56" clockEnd="1715512447.45" clockDuration="24.89" traciDuration="25.90" realTimeFactor="310.86" vehicleUpdatesPerSecond="94814.84" personUpdatesPerSecond="0.00" begin="25200.00" end="32938.00" duration="7738.00"/>
    <vehicles loaded="5137" inserted="5137" running="0" waiting="0"/>
    <teleports total="0" jam="0" yield="0" wrongLane="0"/>
    <safety collisions="0" emergencyStops="0" emergencyBraking="7"/>
    <persons loaded="0" running="0" jammed="0"/>
    <personTeleports total="0" abortWait="0" wrongDest="0"/>
    <vehicleTripStatistics count="5137" routeLength="1838.31" speed="8.25" duration="229.72" waitingTime="40.39" timeLoss="82.33" departDelay="6.76" departDelayWaiting="-1.00" totalTravelTime="1180065.50" totalDepartDelay="34720.67"/>
    <pedestrianStatistics number="0" routeLength="0.00" duration="0.00" timeLoss="0.00"/>
    <rideStatistics number="0"/>
    <transportStatistics number="0"/>
</statistics>
