name,loaded,inserted,running,waiting,total,jam,yield lane,wrong lane,collisions,stops,braking,vehicles,routeLength,speed,duration,waiting time,timeLoss,departDelay,total travel time,total depart delay
stats,9225,9171,211,54,10,6,4,0,0,0,4,8960,814.86,5.93,157.09,71.65,100.05,5.73,1407549.00,51360.00
stats_full,9225,9225,0,0,11,6,5,0,0,0,4,9225,821.74,5.87,167.07,79.42,109.61,10.55,1541271.00,97373.50
stats_full_routed,9225,9225,0,0,0,0,0,0,0,0,2,9225,820.71,6.33,126.68,45.20,69.33,0.20,1168628.00,1830.00
stats_routed,9225,9225,153,0,0,0,0,0,0,0,2,9072,817.48,6.03,127.25,46.08,70.07,0.19,1154434.00,1703.00
