<?xml version="1.0" encoding="UTF-8"?>

<!-- generated on 2024-05-11 17:00:36 by Eclipse SUMO sumo Version 1.18.0
<configuration xmlns:xsi="http://www.w3.org/2001/XMLSchema-instance" xsi:noNamespaceSchemaLocation="http://sumo.dlr.de/xsd/sumoConfiguration.xsd">

    <input>
        <net-file value="/home/svadlmat/UTC/utc/data/scenarios/lust_25200_32400_lime_planned_filtered/config/../../../maps/sumo/lust.net.xml"/>
        <additional-files value="/home/svadlmat/UTC/utc/data/scenarios/lust_25200_32400_lime_planned_filtered/config/../../lust_25200_32400_lime_planned_filtered/additional/lust_25200_32400_lime_planned_filtered.rou.xml,/home/svadlmat/UTC/utc/data/scenarios/lust_25200_32400_lime_planned_filtered/config/../../lust_25200_32400_lime_planned_filtered/additional/lust_25200_32400_lime_planned_filtered_vehicles.add.xml,/home/svadlmat/UTC/utc/data/scenarios/lust_25200_32400_lime_planned_filtered/config/../../Lust/additional/tll.static.xml"/>
    </input>

    <output>
        <statistic-output value="stats_full_routed.xml"/>
    </output>

    <time>
        <begin value="25200"/>
        <step-length value="0.5"/>
    </time>

    <routing>
        <device.rerouting.probability value="1"/>
        <device.rerouting.pre-period value="30"/>
        <device.rerouting.threads value="8"/>
    </routing>

    <report>
        <no-warnings value="true"/>
        <duration-log.statistics value="true"/>
    </report>

</configuration>
-->

<statistics xmlns:xsi="http://www.w3.org/2001/XMLSchema-instance" xsi:noNamespaceSchemaLocation="http://sumo.dlr.de/xsd/statistic_file.xsd">
    <performance clockBegin="1715439637.15" clockEnd="1715439664.25" clockDuration="27.10" traciDuration="40.26" realTimeFactor="275.20" vehicleUpdatesPerSecond="86245.61" personUpdatesPerSecond="0.00" begin="25200.00" end="32658.00" duration="7458.00"/>
    <vehicles loaded="9225" inserted="9225" running="0" waiting="0"/>
    <teleports total="0" jam="0" yield="0" wrongLane="0"/>
    <safety collisions="0" emergencyStops="0" emergencyBraking="2"/>
    <persons loaded="0" running="0" jammed="0"/>
    <personTeleports total="0" abortWait="0" wrongDest="0"/>
    <vehicleTripStatistics count="9225" routeLength="820.71" speed="6.33" duration="126.68" waitingTime="45.20" timeLoss="69.33" departDelay="0.20" departDelayWaiting="-1.00" totalTravelTime="1168628.00" totalDepartDelay="1830.00"/>
    <pedestrianStatistics number="0" routeLength="0.00" duration="0.00" timeLoss="0.00"/>
    <rideStatistics number="0"/>
    <transportStatistics number="0"/>
</statistics>
