<?xml version="1.0" encoding="UTF-8"?>

<!-- generated on 2024-05-11 17:00:36 by Eclipse SUMO sumo Version 1.18.0
<configuration xmlns:xsi="http://www.w3.org/2001/XMLSchema-instance" xsi:noNamespaceSchemaLocation="http://sumo.dlr.de/xsd/sumoConfiguration.xsd">

    <input>
        <net-file value="/home/svadlmat/UTC/utc/data/scenarios/lust_25200_32400_lime_planned_filtered/config/../../../maps/sumo/lust.net.xml"/>
        <additional-files value="/home/svadlmat/UTC/utc/data/scenarios/lust_25200_32400_lime_planned_filtered/config/../../lust_25200_32400_lime_planned_filtered/additional/lust_25200_32400_lime_planned_filtered.rou.xml,/home/svadlmat/UTC/utc/data/scenarios/lust_25200_32400_lime_planned_filtered/config/../../lust_25200_32400_lime_planned_filtered/additional/lust_25200_32400_lime_planned_filtered_vehicles.add.xml,/home/svadlmat/UTC/utc/data/scenarios/lust_25200_32400_lime_planned_filtered/config/../../Lust/additional/tll.static.xml"/>
    </input>

    <output>
        <statistic-output value="stats_full.xml"/>
    </output>

    <time>
        <begin value="25200"/>
        <step-length value="0.5"/>
    </time>

    <report>
        <no-warnings value="true"/>
        <duration-log.statistics value="true"/>
    </report>

</configuration>
-->

<statistics xmlns:xsi="http://www.w3.org/2001/XMLSchema-instance" xsi:noNamespaceSchemaLocation="http://sumo.dlr.de/xsd/statistic_file.xsd">
    <performance clockBegin="1715439636.75" clockEnd="1715439661.65" clockDuration="24.90" traciDuration="93.13" realTimeFactor="324.24" vehicleUpdatesPerSecond="123796.87" personUpdatesPerSecond="0.00" begin="25200.00" end="33273.50" duration="8073.50"/>
    <vehicles loaded="9225" inserted="9225" running="0" waiting="0"/>
    <teleports total="11" jam="6" yield="5" wrongLane="0"/>
    <safety collisions="0" emergencyStops="0" emergencyBraking="4"/>
    <persons loaded="0" running="0" jammed="0"/>
    <personTeleports total="0" abortWait="0" wrongDest="0"/>
    <vehicleTripStatistics count="9225" routeLength="821.74" speed="5.87" duration="167.07" waitingTime="79.42" timeLoss="109.61" departDelay="10.55" departDelayWaiting="-1.00" totalTravelTime="1541271.00" totalDepartDelay="97373.50"/>
    <pedestrianStatistics number="0" routeLength="0.00" duration="0.00" timeLoss="0.00"/>
    <rideStatistics number="0"/>
    <transportStatistics number="0"/>
</statistics>
