name,loaded,inserted,running,waiting,total,jam,yield lane,wrong lane,collisions,stops,braking,vehicles,routeLength,speed,duration,waiting time,timeLoss,departDelay,total travel time,total depart delay
stats,7588,6510,1061,1078,559,271,234,54,0,0,5,5449,955.13,5.39,312.71,206.14,238.54,36.83,1703958.00,200708.00
stats_full,7588,7588,0,0,1081,528,453,100,0,0,8,7588,1003.06,4.06,947.33,801.64,863.23,676.39,7188362.50,5132477.50
stats_full_routed,7588,7588,0,0,0,0,0,0,0,0,1,7588,977.78,8.27,106.03,20.09,37.53,0.56,804584.50,4279.00
stats_routed,7588,7588,99,0,0,0,0,0,0,0,0,7489,975.57,7.77,105.87,20.00,37.51,0.55,792869.50,4117.50
