<?xml version="1.0" encoding="UTF-8"?>

<!-- generated on 2024-05-11 17:08:05 by Eclipse SUMO sumo Version 1.18.0
<configuration xmlns:xsi="http://www.w3.org/2001/XMLSchema-instance" xsi:noNamespaceSchemaLocation="http://sumo.dlr.de/xsd/sumoConfiguration.xsd">

    <input>
        <net-file value="/home/svadlmat/UTC/utc/data/scenarios/lust_25200_32400_red_planned_filtered/config/../../../maps/sumo/lust.net.xml"/>
        <additional-files value="/home/svadlmat/UTC/utc/data/scenarios/lust_25200_32400_red_planned_filtered/config/../../lust_25200_32400_red_planned_filtered/additional/lust_25200_32400_red_planned_filtered.rou.xml,/home/svadlmat/UTC/utc/data/scenarios/lust_25200_32400_red_planned_filtered/config/../../lust_25200_32400_red_planned_filtered/additional/lust_25200_32400_red_planned_filtered_vehicles.add.xml,/home/svadlmat/UTC/utc/data/scenarios/lust_25200_32400_red_planned_filtered/config/../../Lust/additional/tll.static.xml"/>
    </input>

    <output>
        <statistic-output value="stats.xml"/>
    </output>

    <time>
        <begin value="25200"/>
        <end value="32400"/>
        <step-length value="0.5"/>
    </time>

    <report>
        <no-warnings value="true"/>
        <duration-log.statistics value="true"/>
    </report>

</configuration>
-->

<statistics xmlns:xsi="http://www.w3.org/2001/XMLSchema-instance" xsi:noNamespaceSchemaLocation="http://sumo.dlr.de/xsd/statistic_file.xsd">
    <performance clockBegin="1715440086.17" clockEnd="1715440145.69" clockDuration="59.52" traciDuration="41.59" realTimeFactor="120.96" vehicleUpdatesPerSecond="116475.15" personUpdatesPerSecond="0.00" begin="25200.00" end="32400.00" duration="7200.00"/>
    <vehicles loaded="7588" inserted="6510" running="1061" waiting="1078"/>
    <teleports total="559" jam="271" yield="234" wrongLane="54"/>
    <safety collisions="0" emergencyStops="0" emergencyBraking="5"/>
    <persons loaded="0" running="0" jammed="0"/>
    <personTeleports total="0" abortWait="0" wrongDest="0"/>
    <vehicleTripStatistics count="5449" routeLength="955.13" speed="5.39" duration="312.71" waitingTime="206.14" timeLoss="238.54" departDelay="36.83" departDelayWaiting="-1.00" totalTravelTime="1703958.00" totalDepartDelay="200708.00"/>
    <pedestrianStatistics number="0" routeLength="0.00" duration="0.00" timeLoss="0.00"/>
    <rideStatistics number="0"/>
    <transportStatistics number="0"/>
</statistics>
