<?xml version="1.0" encoding="UTF-8"?>

<!-- generated on 2024-05-11 17:08:21 by Eclipse SUMO sumo Version 1.18.0
<configuration xmlns:xsi="http://www.w3.org/2001/XMLSchema-instance" xsi:noNamespaceSchemaLocation="http://sumo.dlr.de/xsd/sumoConfiguration.xsd">

    <input>
        <net-file value="/home/svadlmat/UTC/utc/data/scenarios/lust_25200_32400_red_planned_filtered/config/../../../maps/sumo/lust.net.xml"/>
        <additional-files value="/home/svadlmat/UTC/utc/data/scenarios/lust_25200_32400_red_planned_filtered/config/../../lust_25200_32400_red_planned_filtered/additional/lust_25200_32400_red_planned_filtered.rou.xml,/home/svadlmat/UTC/utc/data/scenarios/lust_25200_32400_red_planned_filtered/config/../../lust_25200_32400_red_planned_filtered/additional/lust_25200_32400_red_planned_filtered_vehicles.add.xml,/home/svadlmat/UTC/utc/data/scenarios/lust_25200_32400_red_planned_filtered/config/../../Lust/additional/tll.static.xml"/>
    </input>

    <output>
        <statistic-output value="stats_full.xml"/>
    </output>

    <time>
        <begin value="25200"/>
        <step-length value="0.5"/>
    </time>

    <report>
        <no-warnings value="true"/>
        <duration-log.statistics value="true"/>
    </report>

</configuration>
-->

<statistics xmlns:xsi="http://www.w3.org/2001/XMLSchema-instance" xsi:noNamespaceSchemaLocation="http://sumo.dlr.de/xsd/statistic_file.xsd">
    <performance clockBegin="1715440102.08" clockEnd="1715440224.30" clockDuration="122.21" traciDuration="104.13" realTimeFactor="112.70" vehicleUpdatesPerSecond="117636.71" personUpdatesPerSecond="0.00" begin="25200.00" end="38973.00" duration="13773.00"/>
    <vehicles loaded="7588" inserted="7588" running="0" waiting="0"/>
    <teleports total="1081" jam="528" yield="453" wrongLane="100"/>
    <safety collisions="0" emergencyStops="0" emergencyBraking="8"/>
    <persons loaded="0" running="0" jammed="0"/>
    <personTeleports total="0" abortWait="0" wrongDest="0"/>
    <vehicleTripStatistics count="7588" routeLength="1003.06" speed="4.06" duration="947.33" waitingTime="801.64" timeLoss="863.23" departDelay="676.39" departDelayWaiting="-1.00" totalTravelTime="7188362.50" totalDepartDelay="5132477.50"/>
    <pedestrianStatistics number="0" routeLength="0.00" duration="0.00" timeLoss="0.00"/>
    <rideStatistics number="0"/>
    <transportStatistics number="0"/>
</statistics>
