name,loaded,inserted,running,waiting,total,jam,yield lane,wrong lane,collisions,stops,braking,vehicles,routeLength,speed,duration,waiting time,timeLoss,departDelay,total travel time,total depart delay
stats,45181,44093,5791,1088,3113,1751,979,372,11,0,348,38302,1800.90,7.23,423.11,198.63,251.57,35.85,16206116.00,1373051.88
stats_full,45181,45181,0,0,3942,2234,1258,439,11,0,421,45181,1914.77,6.44,734.77,466.51,548.27,118.82,33197876.50,5368569.62
stats_full_routed,45181,45181,0,0,750,355,361,30,4,0,309,45181,1812.64,7.67,326.30,116.55,161.31,36.65,14742773.50,1656010.62
stats_routed,45181,44907,1441,274,564,261,271,28,4,0,301,43466,1794.11,7.76,290.28,84.76,127.48,6.37,12617202.00,276964.83
