<?xml version="1.0" encoding="UTF-8"?>

<!-- generated on 2024-05-11 17:38:55 by Eclipse SUMO sumo Version 1.18.0
<configuration xmlns:xsi="http://www.w3.org/2001/XMLSchema-instance" xsi:noNamespaceSchemaLocation="http://sumo.dlr.de/xsd/sumoConfiguration.xsd">

    <input>
        <net-file value="/home/svadlmat/UTC/utc/data/scenarios/itsc_25200_32400_planned/config/../../../maps/sumo/DCC.net.xml"/>
        <additional-files value="/home/svadlmat/UTC/utc/data/scenarios/itsc_25200_32400_planned/config/../../itsc_25200_32400_planned/additional/itsc_25200_32400_planned.rou.xml,/home/svadlmat/UTC/utc/data/scenarios/itsc_25200_32400_planned/config/../../itsc_25200_32400_planned/additional/itsc_25200_32400_planned_vehicles.add.xml,/home/svadlmat/UTC/utc/data/scenarios/itsc_25200_32400_planned/config/../../Base/DCC_trafficlights.add.xml"/>
    </input>

    <output>
        <statistic-output value="stats_full.xml"/>
    </output>

    <time>
        <begin value="25200"/>
        <step-length value="0.5"/>
    </time>

    <report>
        <no-warnings value="true"/>
        <duration-log.statistics value="true"/>
    </report>

</configuration>
-->

<statistics xmlns:xsi="http://www.w3.org/2001/XMLSchema-instance" xsi:noNamespaceSchemaLocation="http://sumo.dlr.de/xsd/statistic_file.xsd">
    <performance clockBegin="1715441935.79" clockEnd="1715442664.67" clockDuration="728.87" traciDuration="223.05" realTimeFactor="19.38" vehicleUpdatesPerSecond="91093.75" personUpdatesPerSecond="0.00" begin="25200.00" end="39329.00" duration="14129.00"/>
    <vehicles loaded="45181" inserted="45181" running="0" waiting="0"/>
    <teleports total="3942" jam="2234" yield="1258" wrongLane="439"/>
    <safety collisions="11" emergencyStops="0" emergencyBraking="421"/>
    <persons loaded="0" running="0" jammed="0"/>
    <personTeleports total="0" abortWait="0" wrongDest="0"/>
    <vehicleTripStatistics count="45181" routeLength="1914.77" speed="6.44" duration="734.77" waitingTime="466.51" timeLoss="548.27" departDelay="118.82" departDelayWaiting="-1.00" totalTravelTime="33197876.50" totalDepartDelay="5368569.62"/>
    <pedestrianStatistics number="0" routeLength="0.00" duration="0.00" timeLoss="0.00"/>
    <rideStatistics number="0"/>
    <transportStatistics number="0"/>
</statistics>
