<?xml version="1.0" encoding="UTF-8"?>

<!-- generated on 2024-05-11 16:28:08 by Eclipse SUMO sumo Version 1.18.0
<configuration xmlns:xsi="http://www.w3.org/2001/XMLSchema-instance" xsi:noNamespaceSchemaLocation="http://sumo.dlr.de/xsd/sumoConfiguration.xsd">

    <input>
        <net-file value="/home/svadlmat/UTC/utc/data/scenarios/lust_25200_32400_planned/config/../../../maps/sumo/lust.net.xml"/>
        <additional-files value="/home/svadlmat/UTC/utc/data/scenarios/lust_25200_32400_planned/config/../../lust_25200_32400_planned/additional/lust_25200_32400_planned.rou.xml,/home/svadlmat/UTC/utc/data/scenarios/lust_25200_32400_planned/config/../../lust_25200_32400_planned/additional/lust_25200_32400_planned_vehicles.add.xml,/home/svadlmat/UTC/utc/data/scenarios/lust_25200_32400_planned/config/../../Lust/additional/tll.static.xml"/>
    </input>

    <output>
        <statistic-output value="stats_full.xml"/>
    </output>

    <time>
        <begin value="25200"/>
        <step-length value="0.5"/>
    </time>

    <report>
        <no-warnings value="true"/>
        <duration-log.statistics value="true"/>
    </report>

</configuration>
-->

<statistics xmlns:xsi="http://www.w3.org/2001/XMLSchema-instance" xsi:noNamespaceSchemaLocation="http://sumo.dlr.de/xsd/statistic_file.xsd">
    <performance clockBegin="1715437688.60" clockEnd="1715439327.78" clockDuration="1639.18" traciDuration="1332.26" realTimeFactor="16.78" vehicleUpdatesPerSecond="91862.50" personUpdatesPerSecond="0.00" begin="25200.00" end="52709.00" duration="27509.00"/>
    <vehicles loaded="49414" inserted="49414" running="0" waiting="0"/>
    <teleports total="3878" jam="2085" yield="1553" wrongLane="234"/>
    <safety collisions="6" emergencyStops="0" emergencyBraking="1100"/>
    <persons loaded="0" running="0" jammed="0"/>
    <personTeleports total="0" abortWait="0" wrongDest="0"/>
    <vehicleTripStatistics count="49414" routeLength="9131.73" speed="11.35" duration="1523.65" waitingTime="880.29" timeLoss="1060.54" departDelay="557.36" departDelayWaiting="-1.00" totalTravelTime="75289772.50" totalDepartDelay="27541145.50"/>
    <pedestrianStatistics number="0" routeLength="0.00" duration="0.00" timeLoss="0.00"/>
    <rideStatistics number="0"/>
    <transportStatistics number="0"/>
</statistics>
