<?xml version="1.0" encoding="UTF-8"?>

<!-- generated on 2024-05-11 16:40:16 by Eclipse SUMO sumo Version 1.18.0
<configuration xmlns:xsi="http://www.w3.org/2001/XMLSchema-instance" xsi:noNamespaceSchemaLocation="http://sumo.dlr.de/xsd/sumoConfiguration.xsd">

    <input>
        <net-file value="/home/svadlmat/UTC/utc/data/scenarios/lust_25200_32400_planned/config/../../../maps/sumo/lust.net.xml"/>
        <additional-files value="/home/svadlmat/UTC/utc/data/scenarios/lust_25200_32400_planned/config/../../lust_25200_32400_planned/additional/lust_25200_32400_planned.rou.xml,/home/svadlmat/UTC/utc/data/scenarios/lust_25200_32400_planned/config/../../lust_25200_32400_planned/additional/lust_25200_32400_planned_vehicles.add.xml,/home/svadlmat/UTC/utc/data/scenarios/lust_25200_32400_planned/config/../../Lust/additional/tll.static.xml"/>
    </input>

    <output>
        <statistic-output value="stats_routed.xml"/>
    </output>

    <time>
        <begin value="25200"/>
        <end value="32400"/>
        <step-length value="0.5"/>
    </time>

    <routing>
        <device.rerouting.probability value="1"/>
        <device.rerouting.pre-period value="30"/>
        <device.rerouting.threads value="8"/>
    </routing>

    <report>
        <no-warnings value="true"/>
        <duration-log.statistics value="true"/>
    </report>

</configuration>
-->

<statistics xmlns:xsi="http://www.w3.org/2001/XMLSchema-instance" xsi:noNamespaceSchemaLocation="http://sumo.dlr.de/xsd/statistic_file.xsd">
    <performance clockBegin="1715438416.88" clockEnd="1715439346.91" clockDuration="930.03" traciDuration="41.42" realTimeFactor="7.74" vehicleUpdatesPerSecond="72852.72" personUpdatesPerSecond="0.00" begin="25200.00" end="32400.00" duration="7200.00"/>
    <vehicles loaded="49414" inserted="48310" running="5247" waiting="1100"/>
    <teleports total="408" jam="183" yield="205" wrongLane="16"/>
    <safety collisions="4" emergencyStops="0" emergencyBraking="698"/>
    <persons loaded="0" running="0" jammed="0"/>
    <personTeleports total="0" abortWait="0" wrongDest="0"/>
    <vehicleTripStatistics count="43063" routeLength="8685.05" speed="12.33" duration="680.82" waitingTime="147.93" timeLoss="240.41" departDelay="41.64" departDelayWaiting="-1.00" totalTravelTime="29318299.00" totalDepartDelay="1793090.50"/>
    <pedestrianStatistics number="0" routeLength="0.00" duration="0.00" timeLoss="0.00"/>
    <rideStatistics number="0"/>
    <transportStatistics number="0"/>
</statistics>
