name,loaded,inserted,running,waiting,total,jam,yield lane,wrong lane,collisions,stops,braking,vehicles,routeLength,speed,duration,waiting time,timeLoss,departDelay,total travel time,total depart delay
stats,10778,10500,99,278,84,49,22,13,0,0,19,10401,834.78,5.90,221.91,96.60,136.31,167.34,2308146.00,1740554.97
stats_full,10778,10778,0,0,84,49,22,13,0,0,19,10778,848.05,5.95,219.99,93.69,133.47,242.30,2371059.50,2611498.97
stats_full_routed,10778,10778,0,0,216,99,105,12,0,0,9,10778,898.61,6.03,255.63,129.78,165.34,46.53,2755148.00,501554.47
stats_routed,10778,10604,513,174,131,62,59,10,0,0,6,10091,868.78,6.30,176.73,59.73,90.28,11.17,1783382.00,112728.00
