<?xml version="1.0" encoding="UTF-8"?>

<!-- generated on 2024-05-12 13:19:13 by Eclipse SUMO sumo Version 1.18.0
<configuration xmlns:xsi="http://www.w3.org/2001/XMLSchema-instance" xsi:noNamespaceSchemaLocation="http://sumo.dlr.de/xsd/sumoConfiguration.xsd">

    <input>
        <net-file value="/home/svadlmat/UTC/utc/data/scenarios/itsc_25200_32400_orange_planned_filtered/config/../../../maps/sumo/DCC.net.xml"/>
        <additional-files value="/home/svadlmat/UTC/utc/data/scenarios/itsc_25200_32400_orange_planned_filtered/config/../../itsc_25200_32400_orange_planned_filtered/additional/itsc_25200_32400_orange_planned_filtered.rou.xml,/home/svadlmat/UTC/utc/data/scenarios/itsc_25200_32400_orange_planned_filtered/config/../../itsc_25200_32400_orange_planned_filtered/additional/itsc_25200_32400_orange_planned_filtered_vehicles.add.xml,/home/svadlmat/UTC/utc/data/scenarios/itsc_25200_32400_orange_planned_filtered/config/../../Base/DCC_trafficlights.add.xml"/>
    </input>

    <output>
        <statistic-output value="stats_full_routed.xml"/>
    </output>

    <time>
        <begin value="25200"/>
        <step-length value="0.5"/>
    </time>

    <routing>
        <device.rerouting.probability value="1"/>
        <device.rerouting.pre-period value="30"/>
        <device.rerouting.threads value="8"/>
    </routing>

    <report>
        <no-warnings value="true"/>
        <duration-log.statistics value="true"/>
    </report>

</configuration>
-->

<statistics xmlns:xsi="http://www.w3.org/2001/XMLSchema-instance" xsi:noNamespaceSchemaLocation="http://sumo.dlr.de/xsd/statistic_file.xsd">
    <performance clockBegin="1715512753.65" clockEnd="1715512811.94" clockDuration="58.29" traciDuration="60.30" realTimeFactor="155.51" vehicleUpdatesPerSecond="94526.33" personUpdatesPerSecond="0.00" begin="25200.00" end="34265.50" duration="9065.50"/>
    <vehicles loaded="10778" inserted="10778" running="0" waiting="0"/>
    <teleports total="216" jam="99" yield="105" wrongLane="12"/>
    <safety collisions="0" emergencyStops="0" emergencyBraking="9"/>
    <persons loaded="0" running="0" jammed="0"/>
    <personTeleports total="0" abortWait="0" wrongDest="0"/>
    <vehicleTripStatistics count="10778" routeLength="898.61" speed="6.03" duration="255.63" waitingTime="129.78" timeLoss="165.34" departDelay="46.53" departDelayWaiting="-1.00" totalTravelTime="2755148.00" totalDepartDelay="501554.47"/>
    <pedestrianStatistics number="0" routeLength="0.00" duration="0.00" timeLoss="0.00"/>
    <rideStatistics number="0"/>
    <transportStatistics number="0"/>
</statistics>
