name,loaded,inserted,running,waiting,total,jam,yield lane,wrong lane,collisions,stops,braking,vehicles,routeLength,speed,duration,waiting time,timeLoss,departDelay,total travel time,total depart delay
stats,6576,6576,647,0,0,0,0,0,0,0,57,5929,6940.27,10.39,671.84,138.98,213.54,0.34,3983333.00,2048.00
stats_full,6576,6576,0,0,0,0,0,0,0,0,63,6576,7075.96,10.39,684.80,141.54,217.03,0.32,4503227.50,2101.50
stats_full_routed,6576,6576,0,0,0,0,0,0,0,0,46,6576,6939.27,10.57,666.67,172.22,241.46,0.17,4384002.50,1086.50
stats_routed,6576,6576,591,0,0,0,0,0,0,0,41,5985,6867.00,10.58,658.78,169.12,238.15,0.13,3942779.50,792.00
