<?xml version="1.0" encoding="UTF-8"?>

<!-- generated on 2024-05-12 13:15:40 by Eclipse SUMO sumo Version 1.18.0
<configuration xmlns:xsi="http://www.w3.org/2001/XMLSchema-instance" xsi:noNamespaceSchemaLocation="http://sumo.dlr.de/xsd/sumoConfiguration.xsd">

    <input>
        <net-file value="/home/svadlmat/UTC/utc/data/scenarios/itsc_25200_32400_red_planned_filtered/config/../../../maps/sumo/DCC.net.xml"/>
        <additional-files value="/home/svadlmat/UTC/utc/data/scenarios/itsc_25200_32400_red_planned_filtered/config/../../itsc_25200_32400_red_planned_filtered/additional/itsc_25200_32400_red_planned_filtered.rou.xml,/home/svadlmat/UTC/utc/data/scenarios/itsc_25200_32400_red_planned_filtered/config/../../itsc_25200_32400_red_planned_filtered/additional/itsc_25200_32400_red_planned_filtered_vehicles.add.xml,/home/svadlmat/UTC/utc/data/scenarios/itsc_25200_32400_red_planned_filtered/config/../../Base/DCC_trafficlights.add.xml"/>
    </input>

    <output>
        <statistic-output value="stats.xml"/>
    </output>

    <time>
        <begin value="25200"/>
        <end value="32400"/>
        <step-length value="0.5"/>
    </time>

    <report>
        <no-warnings value="true"/>
        <duration-log.statistics value="true"/>
    </report>

</configuration>
-->

<statistics xmlns:xsi="http://www.w3.org/2001/XMLSchema-instance" xsi:noNamespaceSchemaLocation="http://sumo.dlr.de/xsd/statistic_file.xsd">
    <performance clockBegin="1715512540.16" clockEnd="1715512549.46" clockDuration="9.30" traciDuration="3.06" realTimeFactor="774.11" vehicleUpdatesPerSecond="118423.72" personUpdatesPerSecond="0.00" begin="25200.00" end="32400.00" duration="7200.00"/>
    <vehicles loaded="4712" inserted="4544" running="188" waiting="168"/>
    <teleports total="67" jam="20" yield="42" wrongLane="5"/>
    <safety collisions="0" emergencyStops="0" emergencyBraking="4"/>
    <persons loaded="0" running="0" jammed="0"/>
    <personTeleports total="0" abortWait="0" wrongDest="0"/>
    <vehicleTripStatistics count="4356" routeLength="477.70" speed="7.12" duration="94.88" waitingTime="36.51" timeLoss="48.61" departDelay="19.23" departDelayWaiting="-1.00" totalTravelTime="413297.50" totalDepartDelay="83754.09"/>
    <pedestrianStatistics number="0" routeLength="0.00" duration="0.00" timeLoss="0.00"/>
    <rideStatistics number="0"/>
    <transportStatistics number="0"/>
</statistics>
