{
  "total": {
    "problems": {
      "time": 15.986,
      "routes": 22884,
      "junctions": 14792,
      "generated": 239
    },
    "vehicles": {
      "total": 5128,
      "scheduled": 2000,
      "routed": 2000,
      "short_route": 195,
      "invalid_route": 284
    },
    "results": {
      "cost": 0,
      "plans": 273,
      "timeout": 6437.014,
      "unique": 239
    }
  },
  "average": {
    "problems": {
      "time": 0.067,
      "routes": 95.749,
      "junctions": 61.891
    },
    "vehicles": {
      "total": 21.456,
      "scheduled": 8.368,
      "routed": 8.368,
      "short_route": 0.816,
      "invalid_route": 1.188
    },
    "results": {
      "cost": 0.0,
      "plans": 1.142,
      "timeout": 26.933,
      "unique": 1.0
    }
  }
}