name,loaded,inserted,running,waiting,total,jam,yield lane,wrong lane,collisions,stops,braking,vehicles,routeLength,speed,duration,waiting time,timeLoss,departDelay,total travel time,total depart delay
stats,6576,6576,105,0,0,0,0,0,0,0,1,6471,854.24,7.40,115.30,31.30,53.84,0.36,746097.50,2338.00
stats_full,6576,6576,0,0,0,0,0,0,0,0,1,6576,857.03,7.39,116.08,31.70,54.40,0.36,763356.50,2362.00
stats_full_routed,6576,6576,0,0,0,0,0,0,0,0,1,6576,857.99,7.29,119.51,34.82,57.79,0.34,785889.50,2241.00
stats_routed,6576,6576,107,0,0,0,0,0,0,0,2,6469,853.47,7.14,117.40,33.46,56.03,0.37,759443.00,2370.50
