name,loaded,inserted,running,waiting,total,jam,yield lane,wrong lane,collisions,stops,braking,vehicles,routeLength,speed,duration,waiting time,timeLoss,departDelay,total travel time,total depart delay
stats,45181,44134,5245,1047,2431,1417,741,261,12,0,373,38889,1835.21,7.43,370.21,145.35,197.92,19.74,14397055.00,767550.71
stats_full,45181,45181,0,0,3564,2065,1129,358,12,0,448,45181,1912.63,6.69,626.25,367.96,441.21,136.43,28294866.50,6163902.62
stats_full_routed,45181,45181,0,0,750,355,361,30,4,0,309,45181,1812.64,7.67,326.30,116.55,161.31,36.65,14742773.50,1656010.62
stats_routed,45181,44907,1441,274,564,261,271,28,4,0,301,43466,1794.11,7.76,290.28,84.76,127.48,6.37,12617202.00,276964.83
