<?xml version="1.0" encoding="UTF-8"?>

<!-- generated on 2024-05-12 13:06:33 by Eclipse SUMO sumo Version 1.18.0
<configuration xmlns:xsi="http://www.w3.org/2001/XMLSchema-instance" xsi:noNamespaceSchemaLocation="http://sumo.dlr.de/xsd/sumoConfiguration.xsd">

    <input>
        <net-file value="/home/svadlmat/UTC/utc/data/scenarios/itsc_25200_32400_planned/config/../../../maps/sumo/DCC.net.xml"/>
        <additional-files value="/home/svadlmat/UTC/utc/data/scenarios/itsc_25200_32400_planned/config/../../itsc_25200_32400_planned/additional/itsc_25200_32400_planned.rou.xml,/home/svadlmat/UTC/utc/data/scenarios/itsc_25200_32400_planned/config/../../itsc_25200_32400_planned/additional/itsc_25200_32400_planned_vehicles.add.xml,/home/svadlmat/UTC/utc/data/scenarios/itsc_25200_32400_planned/config/../../Base/DCC_trafficlights.add.xml"/>
    </input>

    <output>
        <statistic-output value="stats_full.xml"/>
    </output>

    <time>
        <begin value="25200"/>
        <step-length value="0.5"/>
    </time>

    <report>
        <no-warnings value="true"/>
        <duration-log.statistics value="true"/>
    </report>

</configuration>
-->

<statistics xmlns:xsi="http://www.w3.org/2001/XMLSchema-instance" xsi:noNamespaceSchemaLocation="http://sumo.dlr.de/xsd/statistic_file.xsd">
    <performance clockBegin="1715511993.43" clockEnd="1715512633.58" clockDuration="640.15" traciDuration="160.82" realTimeFactor="23.00" vehicleUpdatesPerSecond="88400.22" personUpdatesPerSecond="0.00" begin="25200.00" end="39920.50" duration="14720.50"/>
    <vehicles loaded="45181" inserted="45181" running="0" waiting="0"/>
    <teleports total="3564" jam="2065" yield="1129" wrongLane="358"/>
    <safety collisions="12" emergencyStops="0" emergencyBraking="448"/>
    <persons loaded="0" running="0" jammed="0"/>
    <personTeleports total="0" abortWait="0" wrongDest="0"/>
    <vehicleTripStatistics count="45181" routeLength="1912.63" speed="6.69" duration="626.25" waitingTime="367.96" timeLoss="441.21" departDelay="136.43" departDelayWaiting="-1.00" totalTravelTime="28294866.50" totalDepartDelay="6163902.62"/>
    <pedestrianStatistics number="0" routeLength="0.00" duration="0.00" timeLoss="0.00"/>
    <rideStatistics number="0"/>
    <transportStatistics number="0"/>
</statistics>
