<?xml version="1.0" encoding="UTF-8"?>

<!-- generated on 2024-05-12 13:06:33 by Eclipse SUMO sumo Version 1.18.0
<configuration xmlns:xsi="http://www.w3.org/2001/XMLSchema-instance" xsi:noNamespaceSchemaLocation="http://sumo.dlr.de/xsd/sumoConfiguration.xsd">

    <input>
        <net-file value="/home/svadlmat/UTC/utc/data/scenarios/itsc_25200_32400_planned/config/../../../maps/sumo/DCC.net.xml"/>
        <additional-files value="/home/svadlmat/UTC/utc/data/scenarios/itsc_25200_32400_planned/config/../../itsc_25200_32400_planned/additional/itsc_25200_32400_planned.rou.xml,/home/svadlmat/UTC/utc/data/scenarios/itsc_25200_32400_planned/config/../../itsc_25200_32400_planned/additional/itsc_25200_32400_planned_vehicles.add.xml,/home/svadlmat/UTC/utc/data/scenarios/itsc_25200_32400_planned/config/../../Base/DCC_trafficlights.add.xml"/>
    </input>

    <output>
        <statistic-output value="stats.xml"/>
    </output>

    <time>
        <begin value="25200"/>
        <end value="32400"/>
        <step-length value="0.5"/>
    </time>

    <report>
        <no-warnings value="true"/>
        <duration-log.statistics value="true"/>
    </report>

</configuration>
-->

<statistics xmlns:xsi="http://www.w3.org/2001/XMLSchema-instance" xsi:noNamespaceSchemaLocation="http://sumo.dlr.de/xsd/statistic_file.xsd">
    <performance clockBegin="1715511993.43" clockEnd="1715512485.84" clockDuration="492.41" traciDuration="66.45" realTimeFactor="14.62" vehicleUpdatesPerSecond="88257.84" personUpdatesPerSecond="0.00" begin="25200.00" end="32400.00" duration="7200.00"/>
    <vehicles loaded="45181" inserted="44134" running="5245" waiting="1047"/>
    <teleports total="2431" jam="1417" yield="741" wrongLane="261"/>
    <safety collisions="12" emergencyStops="0" emergencyBraking="373"/>
    <persons loaded="0" running="0" jammed="0"/>
    <personTeleports total="0" abortWait="0" wrongDest="0"/>
    <vehicleTripStatistics count="38889" routeLength="1835.21" speed="7.43" duration="370.21" waitingTime="145.35" timeLoss="197.92" departDelay="19.74" departDelayWaiting="-1.00" totalTravelTime="14397055.00" totalDepartDelay="767550.71"/>
    <pedestrianStatistics number="0" routeLength="0.00" duration="0.00" timeLoss="0.00"/>
    <rideStatistics number="0"/>
    <transportStatistics number="0"/>
</statistics>
