name,loaded,inserted,running,waiting,total,jam,yield lane,wrong lane,collisions,stops,braking,vehicles,routeLength,speed,duration,waiting time,timeLoss,departDelay,total travel time,total depart delay
stats,7590,7588,746,0,0,0,0,0,0,0,120,6842,8554.01,11.48,750.83,116.87,199.36,0.05,5137146.00,360.50
stats_full,7590,7590,0,0,0,0,0,0,0,0,125,7590,8613.96,11.48,757.07,118.27,200.72,0.05,5746130.00,397.00
stats_full_routed,7590,7590,0,0,5,0,0,0,5,0,112,7590,8106.89,10.96,770.50,176.74,260.15,0.02,5848101.00,178.00
stats_routed,7590,7588,751,0,2,0,0,0,2,0,125,6837,8069.13,10.96,761.48,172.76,255.15,0.02,5206247.00,150.00
