<?xml version="1.0" encoding="UTF-8"?>

<!-- generated on 2024-05-11 17:05:14 by Eclipse SUMO sumo Version 1.18.0
<configuration xmlns:xsi="http://www.w3.org/2001/XMLSchema-instance" xsi:noNamespaceSchemaLocation="http://sumo.dlr.de/xsd/sumoConfiguration.xsd">

    <input>
        <net-file value="/home/svadlmat/UTC/utc/data/scenarios/lust_25200_32400_red_planned/config/../../../maps/sumo/lust.net.xml"/>
        <additional-files value="/home/svadlmat/UTC/utc/data/scenarios/lust_25200_32400_red_planned/config/../../lust_25200_32400_red_planned/additional/lust_25200_32400_red_planned.rou.xml,/home/svadlmat/UTC/utc/data/scenarios/lust_25200_32400_red_planned/config/../../lust_25200_32400_red_planned/additional/lust_25200_32400_red_planned_vehicles.add.xml,/home/svadlmat/UTC/utc/data/scenarios/lust_25200_32400_red_planned/config/../../Lust/additional/tll.static.xml"/>
    </input>

    <output>
        <statistic-output value="stats_full.xml"/>
    </output>

    <time>
        <begin value="25200"/>
        <step-length value="0.5"/>
    </time>

    <report>
        <no-warnings value="true"/>
        <duration-log.statistics value="true"/>
    </report>

</configuration>
-->

<statistics xmlns:xsi="http://www.w3.org/2001/XMLSchema-instance" xsi:noNamespaceSchemaLocation="http://sumo.dlr.de/xsd/statistic_file.xsd">
    <performance clockBegin="1715439914.69" clockEnd="1715440100.85" clockDuration="186.17" traciDuration="133.64" realTimeFactor="46.66" vehicleUpdatesPerSecond="61731.58" personUpdatesPerSecond="0.00" begin="25200.00" end="33887.00" duration="8687.00"/>
    <vehicles loaded="7590" inserted="7590" running="0" waiting="0"/>
    <teleports total="0" jam="0" yield="0" wrongLane="0"/>
    <safety collisions="0" emergencyStops="0" emergencyBraking="125"/>
    <persons loaded="0" running="0" jammed="0"/>
    <personTeleports total="0" abortWait="0" wrongDest="0"/>
    <vehicleTripStatistics count="7590" routeLength="8613.96" speed="11.48" duration="757.07" waitingTime="118.27" timeLoss="200.72" departDelay="0.05" departDelayWaiting="-1.00" totalTravelTime="5746130.00" totalDepartDelay="397.00"/>
    <pedestrianStatistics number="0" routeLength="0.00" duration="0.00" timeLoss="0.00"/>
    <rideStatistics number="0"/>
    <transportStatistics number="0"/>
</statistics>
