<?xml version="1.0" encoding="UTF-8"?>

<!-- generated on 2024-05-11 17:06:59 by Eclipse SUMO sumo Version 1.18.0
<configuration xmlns:xsi="http://www.w3.org/2001/XMLSchema-instance" xsi:noNamespaceSchemaLocation="http://sumo.dlr.de/xsd/sumoConfiguration.xsd">

    <input>
        <net-file value="/home/svadlmat/UTC/utc/data/scenarios/lust_25200_32400_red_planned/config/../../../maps/sumo/lust.net.xml"/>
        <additional-files value="/home/svadlmat/UTC/utc/data/scenarios/lust_25200_32400_red_planned/config/../../lust_25200_32400_red_planned/additional/lust_25200_32400_red_planned.rou.xml,/home/svadlmat/UTC/utc/data/scenarios/lust_25200_32400_red_planned/config/../../lust_25200_32400_red_planned/additional/lust_25200_32400_red_planned_vehicles.add.xml,/home/svadlmat/UTC/utc/data/scenarios/lust_25200_32400_red_planned/config/../../Lust/additional/tll.static.xml"/>
    </input>

    <output>
        <statistic-output value="stats_full_routed.xml"/>
    </output>

    <time>
        <begin value="25200"/>
        <step-length value="0.5"/>
    </time>

    <routing>
        <device.rerouting.probability value="1"/>
        <device.rerouting.pre-period value="30"/>
        <device.rerouting.threads value="8"/>
    </routing>

    <report>
        <no-warnings value="true"/>
        <duration-log.statistics value="true"/>
    </report>

</configuration>
-->

<statistics xmlns:xsi="http://www.w3.org/2001/XMLSchema-instance" xsi:noNamespaceSchemaLocation="http://sumo.dlr.de/xsd/statistic_file.xsd">
    <performance clockBegin="1715440019.68" clockEnd="1715440251.47" clockDuration="231.80" traciDuration="51.15" realTimeFactor="37.17" vehicleUpdatesPerSecond="50458.82" personUpdatesPerSecond="0.00" begin="25200.00" end="33816.50" duration="8616.50"/>
    <vehicles loaded="7590" inserted="7590" running="0" waiting="0"/>
    <teleports total="5" jam="0" yield="0" wrongLane="0"/>
    <safety collisions="5" emergencyStops="0" emergencyBraking="112"/>
    <persons loaded="0" running="0" jammed="0"/>
    <personTeleports total="0" abortWait="0" wrongDest="0"/>
    <vehicleTripStatistics count="7590" routeLength="8106.89" speed="10.96" duration="770.50" waitingTime="176.74" timeLoss="260.15" departDelay="0.02" departDelayWaiting="-1.00" totalTravelTime="5848101.00" totalDepartDelay="178.00"/>
    <pedestrianStatistics number="0" routeLength="0.00" duration="0.00" timeLoss="0.00"/>
    <rideStatistics number="0"/>
    <transportStatistics number="0"/>
</statistics>
