{
  "total": {
    "problems": {
      "time": 13.553,
      "routes": 23503,
      "junctions": 13429,
      "generated": 240
    },
    "vehicles": {
      "total": 4712,
      "scheduled": 2684,
      "routed": 2684,
      "short_route": 242,
      "invalid_route": 153
    },
    "results": {
      "cost": 0,
      "plans": 264,
      "timeout": 6466.447,
      "unique": 240
    }
  },
  "average": {
    "problems": {
      "time": 0.056,
      "routes": 97.929,
      "junctions": 55.954
    },
    "vehicles": {
      "total": 19.633,
      "scheduled": 11.183,
      "routed": 11.183,
      "short_route": 1.008,
      "invalid_route": 0.637
    },
    "results": {
      "cost": 0.0,
      "plans": 1.1,
      "timeout": 26.944,
      "unique": 1.0
    }
  }
}