name,loaded,inserted,running,waiting,total,jam,yield lane,wrong lane,collisions,stops,braking,vehicles,routeLength,speed,duration,waiting time,timeLoss,departDelay,total travel time,total depart delay
stats,4712,4544,188,168,67,20,42,5,0,0,4,4356,477.70,7.12,94.88,36.51,48.61,19.23,413297.50,83754.09
stats_full,4712,4712,0,0,129,41,81,7,0,0,4,4712,484.04,6.79,154.18,91.83,106.61,71.78,726496.00,338224.69
stats_full_routed,4712,4712,0,0,7,1,6,0,0,0,6,4712,467.99,7.52,70.00,15.18,26.44,2.56,329855.00,12074.19
stats_routed,4712,4712,12,0,7,1,6,0,0,0,6,4700,467.75,7.52,69.97,15.16,26.42,2.57,328855.50,12071.92
