<?xml version="1.0" encoding="UTF-8"?>

<!-- generated on 2024-05-11 17:01:05 by Eclipse SUMO sumo Version 1.18.0
<configuration xmlns:xsi="http://www.w3.org/2001/XMLSchema-instance" xsi:noNamespaceSchemaLocation="http://sumo.dlr.de/xsd/sumoConfiguration.xsd">

    <input>
        <net-file value="/home/svadlmat/UTC/utc/data/scenarios/lust_25200_32400_red/config/../../../maps/sumo/lust.net.xml"/>
        <additional-files value="/home/svadlmat/UTC/utc/data/scenarios/lust_25200_32400_red/config/../../lust_25200_32400_red/additional/lust_25200_32400_red.rou.xml,/home/svadlmat/UTC/utc/data/scenarios/lust_25200_32400_red/config/../../lust_25200_32400_red/additional/lust_25200_32400_red_vehicles.add.xml,/home/svadlmat/UTC/utc/data/scenarios/lust_25200_32400_red/config/../../Lust/additional/tll.static.xml"/>
    </input>

    <output>
        <statistic-output value="stats.xml"/>
    </output>

    <time>
        <begin value="25200"/>
        <end value="32400"/>
        <step-length value="0.5"/>
    </time>

    <report>
        <no-warnings value="true"/>
        <duration-log.statistics value="true"/>
    </report>

</configuration>
-->

<statistics xmlns:xsi="http://www.w3.org/2001/XMLSchema-instance" xsi:noNamespaceSchemaLocation="http://sumo.dlr.de/xsd/statistic_file.xsd">
    <performance clockBegin="1715439665.55" clockEnd="1715439844.15" clockDuration="178.60" traciDuration="70.47" realTimeFactor="40.31" vehicleUpdatesPerSecond="59421.94" personUpdatesPerSecond="0.00" begin="25200.00" end="32400.00" duration="7200.00"/>
    <vehicles loaded="7590" inserted="7588" running="715" waiting="0"/>
    <teleports total="2" jam="0" yield="0" wrongLane="0"/>
    <safety collisions="2" emergencyStops="0" emergencyBraking="115"/>
    <persons loaded="0" running="0" jammed="0"/>
    <personTeleports total="0" abortWait="0" wrongDest="0"/>
    <vehicleTripStatistics count="6873" routeLength="8542.60" speed="11.80" duration="729.60" waitingTime="103.69" timeLoss="179.74" departDelay="0.04" departDelayWaiting="-1.00" totalTravelTime="5014544.00" totalDepartDelay="252.50"/>
    <pedestrianStatistics number="0" routeLength="0.00" duration="0.00" timeLoss="0.00"/>
    <rideStatistics number="0"/>
    <transportStatistics number="0"/>
</statistics>
