name,loaded,inserted,running,waiting,total,jam,yield lane,wrong lane,collisions,stops,braking,vehicles,routeLength,speed,duration,waiting time,timeLoss,departDelay,total travel time,total depart delay
stats,9227,9225,130,0,0,0,0,0,0,0,1,9095,859.44,6.66,116.01,34.34,55.66,0.16,1055131.00,1495.00
stats_full,9227,9227,0,0,0,0,0,0,0,0,1,9227,862.94,6.68,116.54,34.56,55.95,0.16,1075304.50,1515.50
stats_full_routed,9227,9227,0,0,1,0,1,0,0,0,2,9227,821.60,6.38,128.22,46.27,70.89,0.18,1183107.50,1698.00
stats_routed,9227,9225,143,0,0,0,0,0,0,0,1,9082,817.17,6.54,127.41,46.05,70.38,0.18,1157124.50,1638.00
