<?xml version="1.0" encoding="UTF-8"?>

<!-- generated on 2024-05-11 16:56:03 by Eclipse SUMO sumo Version 1.18.0
<configuration xmlns:xsi="http://www.w3.org/2001/XMLSchema-instance" xsi:noNamespaceSchemaLocation="http://sumo.dlr.de/xsd/sumoConfiguration.xsd">

    <input>
        <net-file value="/home/svadlmat/UTC/utc/data/scenarios/lust_25200_32400_lime_filtered/config/../../../maps/sumo/lust.net.xml"/>
        <additional-files value="/home/svadlmat/UTC/utc/data/scenarios/lust_25200_32400_lime_filtered/config/../../lust_25200_32400_lime_filtered/additional/lust_25200_32400_lime_filtered.rou.xml,/home/svadlmat/UTC/utc/data/scenarios/lust_25200_32400_lime_filtered/config/../../lust_25200_32400_lime_filtered/additional/lust_25200_32400_lime_filtered_vehicles.add.xml,/home/svadlmat/UTC/utc/data/scenarios/lust_25200_32400_lime_filtered/config/../../Lust/additional/tll.static.xml"/>
    </input>

    <output>
        <statistic-output value="stats_full.xml"/>
    </output>

    <time>
        <begin value="25200"/>
        <step-length value="0.5"/>
    </time>

    <report>
        <no-warnings value="true"/>
        <duration-log.statistics value="true"/>
    </report>

</configuration>
-->

<statistics xmlns:xsi="http://www.w3.org/2001/XMLSchema-instance" xsi:noNamespaceSchemaLocation="http://sumo.dlr.de/xsd/statistic_file.xsd">
    <performance clockBegin="1715439363.32" clockEnd="1715439378.28" clockDuration="14.96" traciDuration="42.11" realTimeFactor="497.16" vehicleUpdatesPerSecond="143766.90" personUpdatesPerSecond="0.00" begin="25200.00" end="32637.00" duration="7437.00"/>
    <vehicles loaded="9227" inserted="9227" running="0" waiting="0"/>
    <teleports total="0" jam="0" yield="0" wrongLane="0"/>
    <safety collisions="0" emergencyStops="0" emergencyBraking="1"/>
    <persons loaded="0" running="0" jammed="0"/>
    <personTeleports total="0" abortWait="0" wrongDest="0"/>
    <vehicleTripStatistics count="9227" routeLength="862.94" speed="6.68" duration="116.54" waitingTime="34.56" timeLoss="55.95" departDelay="0.16" departDelayWaiting="-1.00" totalTravelTime="1075304.50" totalDepartDelay="1515.50"/>
    <pedestrianStatistics number="0" routeLength="0.00" duration="0.00" timeLoss="0.00"/>
    <rideStatistics number="0"/>
    <transportStatistics number="0"/>
</statistics>
