<?xml version="1.0" encoding="UTF-8"?>

<!-- generated on 2024-05-11 16:56:19 by Eclipse SUMO sumo Version 1.18.0
<configuration xmlns:xsi="http://www.w3.org/2001/XMLSchema-instance" xsi:noNamespaceSchemaLocation="http://sumo.dlr.de/xsd/sumoConfiguration.xsd">

    <input>
        <net-file value="/home/svadlmat/UTC/utc/data/scenarios/lust_25200_32400_lime_filtered/config/../../../maps/sumo/lust.net.xml"/>
        <additional-files value="/home/svadlmat/UTC/utc/data/scenarios/lust_25200_32400_lime_filtered/config/../../lust_25200_32400_lime_filtered/additional/lust_25200_32400_lime_filtered.rou.xml,/home/svadlmat/UTC/utc/data/scenarios/lust_25200_32400_lime_filtered/config/../../lust_25200_32400_lime_filtered/additional/lust_25200_32400_lime_filtered_vehicles.add.xml,/home/svadlmat/UTC/utc/data/scenarios/lust_25200_32400_lime_filtered/config/../../Lust/additional/tll.static.xml"/>
    </input>

    <output>
        <statistic-output value="stats_routed.xml"/>
    </output>

    <time>
        <begin value="25200"/>
        <end value="32400"/>
        <step-length value="0.5"/>
    </time>

    <routing>
        <device.rerouting.probability value="1"/>
        <device.rerouting.pre-period value="30"/>
        <device.rerouting.threads value="8"/>
    </routing>

    <report>
        <no-warnings value="true"/>
        <duration-log.statistics value="true"/>
    </report>

</configuration>
-->

<statistics xmlns:xsi="http://www.w3.org/2001/XMLSchema-instance" xsi:noNamespaceSchemaLocation="http://sumo.dlr.de/xsd/statistic_file.xsd">
    <performance clockBegin="1715439379.54" clockEnd="1715439406.06" clockDuration="26.52" traciDuration="61.48" realTimeFactor="271.50" vehicleUpdatesPerSecond="88387.12" personUpdatesPerSecond="0.00" begin="25200.00" end="32400.00" duration="7200.00"/>
    <vehicles loaded="9227" inserted="9225" running="143" waiting="0"/>
    <teleports total="0" jam="0" yield="0" wrongLane="0"/>
    <safety collisions="0" emergencyStops="0" emergencyBraking="1"/>
    <persons loaded="0" running="0" jammed="0"/>
    <personTeleports total="0" abortWait="0" wrongDest="0"/>
    <vehicleTripStatistics count="9082" routeLength="817.17" speed="6.54" duration="127.41" waitingTime="46.05" timeLoss="70.38" departDelay="0.18" departDelayWaiting="-1.00" totalTravelTime="1157124.50" totalDepartDelay="1638.00"/>
    <pedestrianStatistics number="0" routeLength="0.00" duration="0.00" timeLoss="0.00"/>
    <rideStatistics number="0"/>
    <transportStatistics number="0"/>
</statistics>
