name,loaded,inserted,running,waiting,total,jam,yield lane,wrong lane,collisions,stops,braking,vehicles,routeLength,speed,duration,waiting time,timeLoss,departDelay,total travel time,total depart delay
stats,4712,4712,154,0,6,2,4,0,0,0,20,4558,2409.54,7.71,319.82,45.38,93.23,0.40,1457748.00,1817.22
stats_full,4712,4712,0,0,6,2,4,0,0,0,20,4712,2426.71,7.71,321.87,45.39,93.42,0.39,1516643.00,1850.69
stats_full_routed,4712,4712,0,0,0,0,0,0,0,0,6,4712,2201.11,8.24,269.14,37.78,75.40,0.21,1268189.50,993.19
stats_routed,4712,4712,125,0,0,0,0,0,0,0,6,4587,2192.21,8.24,268.07,37.52,75.03,0.21,1229654.00,981.51
