<?xml version="1.0" encoding="UTF-8"?>

<!-- generated on 2024-05-12 10:07:24 by Eclipse SUMO sumo Version 1.18.0
<configuration xmlns:xsi="http://www.w3.org/2001/XMLSchema-instance" xsi:noNamespaceSchemaLocation="http://sumo.dlr.de/xsd/sumoConfiguration.xsd">

    <input>
        <net-file value="/home/svadlmat/UTC/utc/data/scenarios/itsc_25200_32400_red_planned/config/../../../maps/sumo/DCC.net.xml"/>
        <additional-files value="/home/svadlmat/UTC/utc/data/scenarios/itsc_25200_32400_red_planned/config/../../itsc_25200_32400_red_planned/additional/itsc_25200_32400_red_planned.rou.xml,/home/svadlmat/UTC/utc/data/scenarios/itsc_25200_32400_red_planned/config/../../itsc_25200_32400_red_planned/additional/itsc_25200_32400_red_planned_vehicles.add.xml,/home/svadlmat/UTC/utc/data/scenarios/itsc_25200_32400_red_planned/config/../../Base/DCC_trafficlights.add.xml"/>
    </input>

    <output>
        <statistic-output value="stats_full.xml"/>
    </output>

    <time>
        <begin value="25200"/>
        <step-length value="0.5"/>
    </time>

    <report>
        <no-warnings value="true"/>
        <duration-log.statistics value="true"/>
    </report>

</configuration>
-->

<statistics xmlns:xsi="http://www.w3.org/2001/XMLSchema-instance" xsi:noNamespaceSchemaLocation="http://sumo.dlr.de/xsd/statistic_file.xsd">
    <performance clockBegin="1715501244.60" clockEnd="1715501281.64" clockDuration="37.04" traciDuration="40.49" realTimeFactor="208.94" vehicleUpdatesPerSecond="81894.38" personUpdatesPerSecond="0.00" begin="25200.00" end="32939.00" duration="7739.00"/>
    <vehicles loaded="4712" inserted="4712" running="0" waiting="0"/>
    <teleports total="6" jam="2" yield="4" wrongLane="0"/>
    <safety collisions="0" emergencyStops="0" emergencyBraking="20"/>
    <persons loaded="0" running="0" jammed="0"/>
    <personTeleports total="0" abortWait="0" wrongDest="0"/>
    <vehicleTripStatistics count="4712" routeLength="2426.71" speed="7.71" duration="321.87" waitingTime="45.39" timeLoss="93.42" departDelay="0.39" departDelayWaiting="-1.00" totalTravelTime="1516643.00" totalDepartDelay="1850.69"/>
    <pedestrianStatistics number="0" routeLength="0.00" duration="0.00" timeLoss="0.00"/>
    <rideStatistics number="0"/>
    <transportStatistics number="0"/>
</statistics>
