<?xml version="1.0" encoding="UTF-8"?>

<!-- generated on 2024-05-11 16:55:28 by Eclipse SUMO sumo Version 1.18.0
<configuration xmlns:xsi="http://www.w3.org/2001/XMLSchema-instance" xsi:noNamespaceSchemaLocation="http://sumo.dlr.de/xsd/sumoConfiguration.xsd">

    <input>
        <net-file value="/home/svadlmat/UTC/utc/data/scenarios/lust_25200_32400_lime/config/../../../maps/sumo/lust.net.xml"/>
        <additional-files value="/home/svadlmat/UTC/utc/data/scenarios/lust_25200_32400_lime/config/../../lust_25200_32400_lime/additional/lust_25200_32400_lime.rou.xml,/home/svadlmat/UTC/utc/data/scenarios/lust_25200_32400_lime/config/../../lust_25200_32400_lime/additional/lust_25200_32400_lime_vehicles.add.xml,/home/svadlmat/UTC/utc/data/scenarios/lust_25200_32400_lime/config/../../Lust/additional/tll.static.xml"/>
    </input>

    <output>
        <statistic-output value="stats_routed.xml"/>
    </output>

    <time>
        <begin value="25200"/>
        <end value="32400"/>
        <step-length value="0.5"/>
    </time>

    <routing>
        <device.rerouting.probability value="1"/>
        <device.rerouting.pre-period value="30"/>
        <device.rerouting.threads value="8"/>
    </routing>

    <report>
        <no-warnings value="true"/>
        <duration-log.statistics value="true"/>
    </report>

</configuration>
-->

<statistics xmlns:xsi="http://www.w3.org/2001/XMLSchema-instance" xsi:noNamespaceSchemaLocation="http://sumo.dlr.de/xsd/statistic_file.xsd">
    <performance clockBegin="1715439329.03" clockEnd="1715439591.28" clockDuration="262.26" traciDuration="108.35" realTimeFactor="27.45" vehicleUpdatesPerSecond="51136.25" personUpdatesPerSecond="0.00" begin="25200.00" end="32400.00" duration="7200.00"/>
    <vehicles loaded="9227" inserted="9225" running="922" waiting="0"/>
    <teleports total="1" jam="0" yield="1" wrongLane="0"/>
    <safety collisions="0" emergencyStops="0" emergencyBraking="76"/>
    <persons loaded="0" running="0" jammed="0"/>
    <personTeleports total="0" abortWait="0" wrongDest="0"/>
    <vehicleTripStatistics count="8303" routeLength="7559.72" speed="10.35" duration="758.90" waitingTime="187.51" timeLoss="273.33" departDelay="0.07" departDelayWaiting="-1.00" totalTravelTime="6301120.50" totalDepartDelay="610.00"/>
    <pedestrianStatistics number="0" routeLength="0.00" duration="0.00" timeLoss="0.00"/>
    <rideStatistics number="0"/>
    <transportStatistics number="0"/>
</statistics>
