<?xml version="1.0" encoding="UTF-8"?>

<!-- generated on 2024-05-11 16:50:20 by Eclipse SUMO sumo Version 1.18.0
<configuration xmlns:xsi="http://www.w3.org/2001/XMLSchema-instance" xsi:noNamespaceSchemaLocation="http://sumo.dlr.de/xsd/sumoConfiguration.xsd">

    <input>
        <net-file value="/home/svadlmat/UTC/utc/data/scenarios/lust_25200_32400_lime/config/../../../maps/sumo/lust.net.xml"/>
        <additional-files value="/home/svadlmat/UTC/utc/data/scenarios/lust_25200_32400_lime/config/../../lust_25200_32400_lime/additional/lust_25200_32400_lime.rou.xml,/home/svadlmat/UTC/utc/data/scenarios/lust_25200_32400_lime/config/../../lust_25200_32400_lime/additional/lust_25200_32400_lime_vehicles.add.xml,/home/svadlmat/UTC/utc/data/scenarios/lust_25200_32400_lime/config/../../Lust/additional/tll.static.xml"/>
    </input>

    <output>
        <statistic-output value="stats_full.xml"/>
    </output>

    <time>
        <begin value="25200"/>
        <step-length value="0.5"/>
    </time>

    <report>
        <no-warnings value="true"/>
        <duration-log.statistics value="true"/>
    </report>

</configuration>
-->

<statistics xmlns:xsi="http://www.w3.org/2001/XMLSchema-instance" xsi:noNamespaceSchemaLocation="http://sumo.dlr.de/xsd/statistic_file.xsd">
    <performance clockBegin="1715439020.95" clockEnd="1715439233.66" clockDuration="212.71" traciDuration="132.64" realTimeFactor="42.71" vehicleUpdatesPerSecond="63641.33" personUpdatesPerSecond="0.00" begin="25200.00" end="34285.00" duration="9085.00"/>
    <vehicles loaded="9227" inserted="9227" running="0" waiting="0"/>
    <teleports total="0" jam="0" yield="0" wrongLane="0"/>
    <safety collisions="0" emergencyStops="0" emergencyBraking="49"/>
    <persons loaded="0" running="0" jammed="0"/>
    <personTeleports total="0" abortWait="0" wrongDest="0"/>
    <vehicleTripStatistics count="9227" routeLength="7989.02" speed="10.92" duration="733.57" waitingTime="118.85" timeLoss="197.64" departDelay="0.05" departDelayWaiting="-1.00" totalTravelTime="6768637.00" totalDepartDelay="446.00"/>
    <pedestrianStatistics number="0" routeLength="0.00" duration="0.00" timeLoss="0.00"/>
    <rideStatistics number="0"/>
    <transportStatistics number="0"/>
</statistics>
