name,loaded,inserted,running,waiting,total,jam,yield lane,wrong lane,collisions,stops,braking,vehicles,routeLength,speed,duration,waiting time,timeLoss,departDelay,total travel time,total depart delay
stats,10778,10449,2407,329,2056,1283,550,219,4,0,107,8042,2206.01,5.26,698.90,373.44,457.01,75.24,5620563.00,605076.61
stats_full,10778,10778,0,0,2745,1720,734,285,6,0,145,10778,2261.54,4.30,1354.56,977.47,1095.34,263.63,14599458.00,2841457.47
stats_full_routed,10778,10778,0,0,33,10,18,1,4,0,135,10778,2073.98,6.99,312.22,62.61,109.72,23.56,3365076.50,253979.97
stats_routed,10778,10778,121,0,33,10,18,1,4,0,135,10657,2069.90,6.98,312.36,62.89,110.14,23.83,3328850.00,253964.66
