<?xml version="1.0" encoding="UTF-8"?>

<!-- generated on 2024-05-12 10:08:38 by Eclipse SUMO sumo Version 1.18.0
<configuration xmlns:xsi="http://www.w3.org/2001/XMLSchema-instance" xsi:noNamespaceSchemaLocation="http://sumo.dlr.de/xsd/sumoConfiguration.xsd">

    <input>
        <net-file value="/home/svadlmat/UTC/utc/data/scenarios/itsc_25200_32400_orange_planned/config/../../../maps/sumo/DCC.net.xml"/>
        <additional-files value="/home/svadlmat/UTC/utc/data/scenarios/itsc_25200_32400_orange_planned/config/../../itsc_25200_32400_orange_planned/additional/itsc_25200_32400_orange_planned.rou.xml,/home/svadlmat/UTC/utc/data/scenarios/itsc_25200_32400_orange_planned/config/../../itsc_25200_32400_orange_planned/additional/itsc_25200_32400_orange_planned_vehicles.add.xml,/home/svadlmat/UTC/utc/data/scenarios/itsc_25200_32400_orange_planned/config/../../Base/DCC_trafficlights.add.xml"/>
    </input>

    <output>
        <statistic-output value="stats_full.xml"/>
    </output>

    <time>
        <begin value="25200"/>
        <step-length value="0.5"/>
    </time>

    <report>
        <no-warnings value="true"/>
        <duration-log.statistics value="true"/>
    </report>

</configuration>
-->

<statistics xmlns:xsi="http://www.w3.org/2001/XMLSchema-instance" xsi:noNamespaceSchemaLocation="http://sumo.dlr.de/xsd/statistic_file.xsd">
    <performance clockBegin="1715501319.11" clockEnd="1715501603.44" clockDuration="284.33" traciDuration="158.10" realTimeFactor="38.39" vehicleUpdatesPerSecond="102694.17" personUpdatesPerSecond="0.00" begin="25200.00" end="36114.50" duration="10914.50"/>
    <vehicles loaded="10778" inserted="10778" running="0" waiting="0"/>
    <teleports total="2745" jam="1720" yield="734" wrongLane="285"/>
    <safety collisions="6" emergencyStops="0" emergencyBraking="145"/>
    <persons loaded="0" running="0" jammed="0"/>
    <personTeleports total="0" abortWait="0" wrongDest="0"/>
    <vehicleTripStatistics count="10778" routeLength="2261.54" speed="4.30" duration="1354.56" waitingTime="977.47" timeLoss="1095.34" departDelay="263.63" departDelayWaiting="-1.00" totalTravelTime="14599458.00" totalDepartDelay="2841457.47"/>
    <pedestrianStatistics number="0" routeLength="0.00" duration="0.00" timeLoss="0.00"/>
    <rideStatistics number="0"/>
    <transportStatistics number="0"/>
</statistics>
