name,loaded,inserted,running,waiting,total,jam,yield lane,wrong lane,collisions,stops,braking,vehicles,routeLength,speed,duration,waiting time,timeLoss,departDelay,total travel time,total depart delay
stats,4712,4644,154,68,40,12,28,0,0,0,5,4490,469.84,7.18,86.51,29.26,41.31,5.87,388434.50,26362.16
stats_full,4712,4712,0,0,57,16,41,0,0,0,5,4712,475.06,6.96,120.60,60.62,74.53,18.64,568277.50,87852.19
stats_full_routed,4712,4712,0,0,11,5,6,0,0,0,4,4712,473.85,7.37,77.23,20.87,33.05,2.71,363907.00,12772.19
stats_routed,4712,4712,15,0,11,5,6,0,0,0,4,4697,473.69,7.37,77.26,20.91,33.10,2.72,362913.50,12769.35
