<?xml version="1.0" encoding="UTF-8"?>

<!-- generated on 2024-05-12 10:08:10 by Eclipse SUMO sumo Version 1.18.0
<configuration xmlns:xsi="http://www.w3.org/2001/XMLSchema-instance" xsi:noNamespaceSchemaLocation="http://sumo.dlr.de/xsd/sumoConfiguration.xsd">

    <input>
        <net-file value="/home/svadlmat/UTC/utc/data/scenarios/itsc_25200_32400_red_planned_filtered/config/../../../maps/sumo/DCC.net.xml"/>
        <additional-files value="/home/svadlmat/UTC/utc/data/scenarios/itsc_25200_32400_red_planned_filtered/config/../../itsc_25200_32400_red_planned_filtered/additional/itsc_25200_32400_red_planned_filtered.rou.xml,/home/svadlmat/UTC/utc/data/scenarios/itsc_25200_32400_red_planned_filtered/config/../../itsc_25200_32400_red_planned_filtered/additional/itsc_25200_32400_red_planned_filtered_vehicles.add.xml,/home/svadlmat/UTC/utc/data/scenarios/itsc_25200_32400_red_planned_filtered/config/../../Base/DCC_trafficlights.add.xml"/>
    </input>

    <output>
        <statistic-output value="stats_full.xml"/>
    </output>

    <time>
        <begin value="25200"/>
        <step-length value="0.5"/>
    </time>

    <report>
        <no-warnings value="true"/>
        <duration-log.statistics value="true"/>
    </report>

</configuration>
-->

<statistics xmlns:xsi="http://www.w3.org/2001/XMLSchema-instance" xsi:noNamespaceSchemaLocation="http://sumo.dlr.de/xsd/statistic_file.xsd">
    <performance clockBegin="1715501290.41" clockEnd="1715501298.13" clockDuration="7.72" traciDuration="15.00" realTimeFactor="1051.40" vehicleUpdatesPerSecond="147165.09" personUpdatesPerSecond="0.00" begin="25200.00" end="33320.00" duration="8120.00"/>
    <vehicles loaded="4712" inserted="4712" running="0" waiting="0"/>
    <teleports total="57" jam="16" yield="41" wrongLane="0"/>
    <safety collisions="0" emergencyStops="0" emergencyBraking="5"/>
    <persons loaded="0" running="0" jammed="0"/>
    <personTeleports total="0" abortWait="0" wrongDest="0"/>
    <vehicleTripStatistics count="4712" routeLength="475.06" speed="6.96" duration="120.60" waitingTime="60.62" timeLoss="74.53" departDelay="18.64" departDelayWaiting="-1.00" totalTravelTime="568277.50" totalDepartDelay="87852.19"/>
    <pedestrianStatistics number="0" routeLength="0.00" duration="0.00" timeLoss="0.00"/>
    <rideStatistics number="0"/>
    <transportStatistics number="0"/>
</statistics>
