<?xml version="1.0" encoding="UTF-8"?>

<!-- generated on 2024-05-12 10:08:19 by Eclipse SUMO sumo Version 1.18.0
<configuration xmlns:xsi="http://www.w3.org/2001/XMLSchema-instance" xsi:noNamespaceSchemaLocation="http://sumo.dlr.de/xsd/sumoConfiguration.xsd">

    <input>
        <net-file value="/home/svadlmat/UTC/utc/data/scenarios/itsc_25200_32400_red_planned_filtered/config/../../../maps/sumo/DCC.net.xml"/>
        <additional-files value="/home/svadlmat/UTC/utc/data/scenarios/itsc_25200_32400_red_planned_filtered/config/../../itsc_25200_32400_red_planned_filtered/additional/itsc_25200_32400_red_planned_filtered.rou.xml,/home/svadlmat/UTC/utc/data/scenarios/itsc_25200_32400_red_planned_filtered/config/../../itsc_25200_32400_red_planned_filtered/additional/itsc_25200_32400_red_planned_filtered_vehicles.add.xml,/home/svadlmat/UTC/utc/data/scenarios/itsc_25200_32400_red_planned_filtered/config/../../Base/DCC_trafficlights.add.xml"/>
    </input>

    <output>
        <statistic-output value="stats_full_routed.xml"/>
    </output>

    <time>
        <begin value="25200"/>
        <step-length value="0.5"/>
    </time>

    <routing>
        <device.rerouting.probability value="1"/>
        <device.rerouting.pre-period value="30"/>
        <device.rerouting.threads value="8"/>
    </routing>

    <report>
        <no-warnings value="true"/>
        <duration-log.statistics value="true"/>
    </report>

</configuration>
-->

<statistics xmlns:xsi="http://www.w3.org/2001/XMLSchema-instance" xsi:noNamespaceSchemaLocation="http://sumo.dlr.de/xsd/statistic_file.xsd">
    <performance clockBegin="1715501299.22" clockEnd="1715501311.21" clockDuration="11.99" traciDuration="27.94" realTimeFactor="606.34" vehicleUpdatesPerSecond="60701.75" personUpdatesPerSecond="0.00" begin="25200.00" end="32470.00" duration="7270.00"/>
    <vehicles loaded="4712" inserted="4712" running="0" waiting="0"/>
    <teleports total="11" jam="5" yield="6" wrongLane="0"/>
    <safety collisions="0" emergencyStops="0" emergencyBraking="4"/>
    <persons loaded="0" running="0" jammed="0"/>
    <personTeleports total="0" abortWait="0" wrongDest="0"/>
    <vehicleTripStatistics count="4712" routeLength="473.85" speed="7.37" duration="77.23" waitingTime="20.87" timeLoss="33.05" departDelay="2.71" departDelayWaiting="-1.00" totalTravelTime="363907.00" totalDepartDelay="12772.19"/>
    <pedestrianStatistics number="0" routeLength="0.00" duration="0.00" timeLoss="0.00"/>
    <rideStatistics number="0"/>
    <transportStatistics number="0"/>
</statistics>
