{
  "total": {
    "problems": {
      "time": 33.882,
      "routes": 45257,
      "junctions": 30072,
      "generated": 238
    },
    "vehicles": {
      "total": 10778,
      "scheduled": 6168,
      "routed": 5907,
      "short_route": 273,
      "invalid_route": 553
    },
    "results": {
      "cost": 0,
      "plans": 234,
      "timeout": 6392.118,
      "unique": 234
    }
  },
  "average": {
    "problems": {
      "time": 0.142,
      "routes": 190.155,
      "junctions": 126.353
    },
    "vehicles": {
      "total": 45.286,
      "scheduled": 25.916,
      "routed": 24.819,
      "short_route": 1.147,
      "invalid_route": 2.324
    },
    "results": {
      "cost": 0.0,
      "plans": 0.983,
      "timeout": 26.858,
      "unique": 0.9831932773109243
    }
  }
}