{
  "total": {
    "problems": {
      "time": 37.234,
      "routes": 51188,
      "junctions": 32895,
      "generated": 238
    },
    "vehicles": {
      "total": 10778,
      "scheduled": 7099,
      "routed": 5984,
      "short_route": 273,
      "invalid_route": 365
    },
    "results": {
      "cost": 0,
      "plans": 221,
      "timeout": 5912.766,
      "unique": 221
    }
  },
  "average": {
    "problems": {
      "time": 0.156,
      "routes": 215.076,
      "junctions": 138.214
    },
    "vehicles": {
      "total": 45.286,
      "scheduled": 29.828,
      "routed": 25.143,
      "short_route": 1.147,
      "invalid_route": 1.534
    },
    "results": {
      "cost": 0.0,
      "plans": 0.929,
      "timeout": 24.844,
      "unique": 0.9285714285714286
    }
  },
  "episode0": {
    "problems": {
      "name": "problem_25200_25230",
      "time": 0.463,
      "routes": 286,
      "junctions": 175
    },
    "vehicles": {
      "total": 111,
      "scheduled": 72,
      "routed": 0,
      "short_route": 4,
      "invalid_route": 16
    },
    "results": {
      "name": "result_25200_25230",
      "cost": 0,
      "plans": 0,
      "timeout": 24.537
    }
  },
  "episode1": {
    "problems": {
      "name": "problem_25230_25260",
      "time": 0.117,
      "routes": 203,
      "junctions": 136
    },
    "vehicles": {
      "total": 31,
      "scheduled": 19,
      "routed": 19,
      "short_route": 2,
      "invalid_route": 4
    },
    "results": {
      "name": "result_25230_25260",
      "cost": 0,
      "plans": 1,
      "timeout": 24.883
    }
  },
  "episode2": {
    "problems": {
      "name": "problem_25260_25290",
      "time": 0.221,
      "routes": 223,
      "junctions": 141
    },
    "vehicles": {
      "total": 30,
      "scheduled": 20,
      "routed": 20,
      "short_route": 3,
      "invalid_route": 2
    },
    "results": {
      "name": "result_25260_25290",
      "cost": 0,
      "plans": 1,
      "timeout": 24.779
    }
  },
  "episode3": {
    "problems": {
      "name": "problem_25290_25320",
      "time": 0.308,
      "routes": 231,
      "junctions": 145
    },
    "vehicles": {
      "total": 40,
      "scheduled": 24,
      "routed": 24,
      "short_route": 0,
      "invalid_route": 5
    },
    "results": {
      "name": "result_25290_25320",
      "cost": 0,
      "plans": 1,
      "timeout": 24.692
    }
  },
  "episode4": {
    "problems": {
      "name": "problem_25320_25350",
      "time": 0.187,
      "routes": 230,
      "junctions": 144
    },
    "vehicles": {
      "total": 55,
      "scheduled": 34,
      "routed": 34,
      "short_route": 2,
      "invalid_route": 5
    },
    "results": {
      "name": "result_25320_25350",
      "cost": 0,
      "plans": 1,
      "timeout": 24.813
    }
  },
  "episode5": {
    "problems": {
      "name": "problem_25350_25380",
      "time": 0.103,
      "routes": 124,
      "junctions": 86
    },
    "vehicles": {
      "total": 15,
      "scheduled": 10,
      "routed": 10,
      "short_route": 0,
      "invalid_route": 1
    },
    "results": {
      "name": "result_25350_25380",
      "cost": 0,
      "plans": 1,
      "timeout": 24.897
    }
  },
  "episode6": {
    "problems": {
      "name": "problem_25380_25410",
      "time": 0.205,
      "routes": 278,
      "junctions": 165
    },
    "vehicles": {
      "total": 65,
      "scheduled": 41,
      "routed": 41,
      "short_route": 1,
      "invalid_route": 6
    },
    "results": {
      "name": "result_25380_25410",
      "cost": 0,
      "plans": 1,
      "timeout": 24.795
    }
  },
  "episode7": {
    "problems": {
      "name": "problem_25410_25440",
      "time": 0.235,
      "routes": 166,
      "junctions": 113
    },
    "vehicles": {
      "total": 25,
      "scheduled": 16,
      "routed": 16,
      "short_route": 0,
      "invalid_route": 1
    },
    "results": {
      "name": "result_25410_25440",
      "cost": 0,
      "plans": 1,
      "timeout": 24.765
    }
  },
  "episode8": {
    "problems": {
      "name": "problem_25440_25470",
      "time": 0.128,
      "routes": 235,
      "junctions": 148
    },
    "vehicles": {
      "total": 50,
      "scheduled": 34,
      "routed": 34,
      "short_route": 2,
      "invalid_route": 3
    },
    "results": {
      "name": "result_25440_25470",
      "cost": 0,
      "plans": 1,
      "timeout": 24.872
    }
  },
  "episode9": {
    "problems": {
      "name": "problem_25470_25500",
      "time": 0.213,
      "routes": 233,
      "junctions": 143
    },
    "vehicles": {
      "total": 44,
      "scheduled": 33,
      "routed": 33,
      "short_route": 1,
      "invalid_route": 4
    },
    "results": {
      "name": "result_25470_25500",
      "cost": 0,
      "plans": 1,
      "timeout": 24.787
    }
  },
  "episode10": {
    "problems": {
      "name": "problem_25500_25530",
      "time": 0.222,
      "routes": 215,
      "junctions": 138
    },
    "vehicles": {
      "total": 35,
      "scheduled": 26,
      "routed": 26,
      "short_route": 1,
      "invalid_route": 2
    },
    "results": {
      "name": "result_25500_25530",
      "cost": 0,
      "plans": 1,
      "timeout": 24.778
    }
  },
  "episode11": {
    "problems": {
      "name": "problem_25530_25560",
      "time": 0.223,
      "routes": 124,
      "junctions": 90
    },
    "vehicles": {
      "total": 9,
      "scheduled": 7,
      "routed": 7,
      "short_route": 0,
      "invalid_route": 1
    },
    "results": {
      "name": "result_25530_25560",
      "cost": 0,
      "plans": 1,
      "timeout": 24.777
    }
  },
  "episode12": {
    "problems": {
      "name": "problem_25560_25590",
      "time": 0.261,
      "routes": 270,
      "junctions": 167
    },
    "vehicles": {
      "total": 97,
      "scheduled": 66,
      "routed": 0,
      "short_route": 1,
      "invalid_route": 8
    },
    "results": {
      "name": "result_25560_25590",
      "cost": 0,
      "plans": 0,
      "timeout": 24.739
    }
  },
  "episode13": {
    "problems": {
      "name": "problem_25590_25620",
      "time": 0.159,
      "routes": 183,
      "junctions": 122
    },
    "vehicles": {
      "total": 33,
      "scheduled": 21,
      "routed": 21,
      "short_route": 1,
      "invalid_route": 1
    },
    "results": {
      "name": "result_25590_25620",
      "cost": 0,
      "plans": 1,
      "timeout": 24.841
    }
  },
  "episode14": {
    "problems": {
      "name": "problem_25620_25650",
      "time": 0.145,
      "routes": 252,
      "junctions": 157
    },
    "vehicles": {
      "total": 41,
      "scheduled": 28,
      "routed": 28,
      "short_route": 0,
      "invalid_route": 3
    },
    "results": {
      "name": "result_25620_25650",
      "cost": 0,
      "plans": 1,
      "timeout": 24.855
    }
  },
  "episode15": {
    "problems": {
      "name": "problem_25650_25680",
      "time": 0.299,
      "routes": 182,
      "junctions": 120
    },
    "vehicles": {
      "total": 34,
      "scheduled": 23,
      "routed": 23,
      "short_route": 2,
      "invalid_route": 0
    },
    "results": {
      "name": "result_25650_25680",
      "cost": 0,
      "plans": 1,
      "timeout": 24.701
    }
  },
  "episode16": {
    "problems": {
      "name": "problem_25680_25710",
      "time": 0.234,
      "routes": 274,
      "junctions": 167
    },
    "vehicles": {
      "total": 66,
      "scheduled": 39,
      "routed": 39,
      "short_route": 3,
      "invalid_route": 3
    },
    "results": {
      "name": "result_25680_25710",
      "cost": 0,
      "plans": 1,
      "timeout": 24.766
    }
  },
  "episode17": {
    "problems": {
      "name": "problem_25710_25740",
      "time": 0.09,
      "routes": 181,
      "junctions": 126
    },
    "vehicles": {
      "total": 23,
      "scheduled": 18,
      "routed": 18,
      "short_route": 0,
      "invalid_route": 1
    },
    "results": {
      "name": "result_25710_25740",
      "cost": 0,
      "plans": 1,
      "timeout": 24.91
    }
  },
  "episode18": {
    "problems": {
      "name": "problem_25740_25770",
      "time": 0.178,
      "routes": 250,
      "junctions": 158
    },
    "vehicles": {
      "total": 60,
      "scheduled": 43,
      "routed": 43,
      "short_route": 3,
      "invalid_route": 3
    },
    "results": {
      "name": "result_25740_25770",
      "cost": 0,
      "plans": 1,
      "timeout": 24.822
    }
  },
  "episode19": {
    "problems": {
      "name": "problem_25770_25800",
      "time": 0.165,
      "routes": 242,
      "junctions": 148
    },
    "vehicles": {
      "total": 33,
      "scheduled": 19,
      "routed": 19,
      "short_route": 4,
      "invalid_route": 2
    },
    "results": {
      "name": "result_25770_25800",
      "cost": 0,
      "plans": 1,
      "timeout": 24.835
    }
  },
  "episode20": {
    "problems": {
      "name": "problem_25800_25830",
      "time": 0.258,
      "routes": 245,
      "junctions": 149
    },
    "vehicles": {
      "total": 53,
      "scheduled": 37,
      "routed": 37,
      "short_route": 1,
      "invalid_route": 5
    },
    "results": {
      "name": "result_25800_25830",
      "cost": 0,
      "plans": 1,
      "timeout": 24.742
    }
  },
  "episode21": {
    "problems": {
      "name": "problem_25830_25860",
      "time": 0.098,
      "routes": 196,
      "junctions": 126
    },
    "vehicles": {
      "total": 41,
      "scheduled": 29,
      "routed": 29,
      "short_route": 1,
      "invalid_route": 2
    },
    "results": {
      "name": "result_25830_25860",
      "cost": 0,
      "plans": 1,
      "timeout": 24.902
    }
  },
  "episode22": {
    "problems": {
      "name": "problem_25860_25890",
      "time": 0.134,
      "routes": 190,
      "junctions": 126
    },
    "vehicles": {
      "total": 39,
      "scheduled": 23,
      "routed": 23,
      "short_route": 0,
      "invalid_route": 3
    },
    "results": {
      "name": "result_25860_25890",
      "cost": 0,
      "plans": 1,
      "timeout": 24.866
    }
  },
  "episode23": {
    "problems": {
      "name": "problem_25890_25920",
      "time": 0.083,
      "routes": 131,
      "junctions": 91
    },
    "vehicles": {
      "total": 9,
      "scheduled": 8,
      "routed": 8,
      "short_route": 0,
      "invalid_route": 0
    },
    "results": {
      "name": "result_25890_25920",
      "cost": 0,
      "plans": 1,
      "timeout": 24.917
    }
  },
  "episode24": {
    "problems": {
      "name": "problem_25920_25950",
      "time": 0.186,
      "routes": 261,
      "junctions": 160
    },
    "vehicles": {
      "total": 105,
      "scheduled": 64,
      "routed": 0,
      "short_route": 1,
      "invalid_route": 3
    },
    "results": {
      "name": "result_25920_25950",
      "cost": 0,
      "plans": 0,
      "timeout": 24.814
    }
  },
  "episode25": {
    "problems": {
      "name": "problem_25950_25980",
      "time": 0.098,
      "routes": 182,
      "junctions": 115
    },
    "vehicles": {
      "total": 37,
      "scheduled": 19,
      "routed": 19,
      "short_route": 1,
      "invalid_route": 3
    },
    "results": {
      "name": "result_25950_25980",
      "cost": 0,
      "plans": 1,
      "timeout": 24.902
    }
  },
  "episode26": {
    "problems": {
      "name": "problem_25980_26010",
      "time": 0.339,
      "routes": 230,
      "junctions": 150
    },
    "vehicles": {
      "total": 43,
      "scheduled": 29,
      "routed": 29,
      "short_route": 0,
      "invalid_route": 6
    },
    "results": {
      "name": "result_25980_26010",
      "cost": 0,
      "plans": 1,
      "timeout": 24.661
    }
  },
  "episode27": {
    "problems": {
      "name": "problem_26010_26040",
      "time": 0.105,
      "routes": 259,
      "junctions": 162
    },
    "vehicles": {
      "total": 56,
      "scheduled": 36,
      "routed": 36,
      "short_route": 2,
      "invalid_route": 1
    },
    "results": {
      "name": "result_26010_26040",
      "cost": 0,
      "plans": 1,
      "timeout": 24.895
    }
  },
  "episode28": {
    "problems": {
      "name": "problem_26040_26070",
      "time": 0.124,
      "routes": 246,
      "junctions": 153
    },
    "vehicles": {
      "total": 54,
      "scheduled": 35,
      "routed": 35,
      "short_route": 1,
      "invalid_route": 3
    },
    "results": {
      "name": "result_26040_26070",
      "cost": 0,
      "plans": 1,
      "timeout": 24.876
    }
  },
  "episode29": {
    "problems": {
      "name": "problem_26070_26100",
      "time": 0.1,
      "routes": 202,
      "junctions": 133
    },
    "vehicles": {
      "total": 26,
      "scheduled": 19,
      "routed": 19,
      "short_route": 0,
      "invalid_route": 0
    },
    "results": {
      "name": "result_26070_26100",
      "cost": 0,
      "plans": 1,
      "timeout": 24.9
    }
  },
  "episode30": {
    "problems": {
      "name": "problem_26100_26130",
      "time": 0.173,
      "routes": 278,
      "junctions": 166
    },
    "vehicles": {
      "total": 80,
      "scheduled": 51,
      "routed": 0,
      "short_route": 2,
      "invalid_route": 1
    },
    "results": {
      "name": "result_26100_26130",
      "cost": 0,
      "plans": 0,
      "timeout": 24.827
    }
  },
  "episode31": {
    "problems": {
      "name": "problem_26130_26160",
      "time": 0.104,
      "routes": 215,
      "junctions": 136
    },
    "vehicles": {
      "total": 37,
      "scheduled": 26,
      "routed": 26,
      "short_route": 1,
      "invalid_route": 1
    },
    "results": {
      "name": "result_26130_26160",
      "cost": 0,
      "plans": 1,
      "timeout": 24.896
    }
  },
  "episode32": {
    "problems": {
      "name": "problem_26160_26190",
      "time": 0.091,
      "routes": 209,
      "junctions": 136
    },
    "vehicles": {
      "total": 52,
      "scheduled": 29,
      "routed": 29,
      "short_route": 0,
      "invalid_route": 3
    },
    "results": {
      "name": "result_26160_26190",
      "cost": 0,
      "plans": 1,
      "timeout": 24.909
    }
  },
  "episode33": {
    "problems": {
      "name": "problem_26190_26220",
      "time": 0.297,
      "routes": 235,
      "junctions": 154
    },
    "vehicles": {
      "total": 56,
      "scheduled": 39,
      "routed": 39,
      "short_route": 3,
      "invalid_route": 0
    },
    "results": {
      "name": "result_26190_26220",
      "cost": 0,
      "plans": 1,
      "timeout": 24.703
    }
  },
  "episode34": {
    "problems": {
      "name": "problem_26220_26250",
      "time": 0.09,
      "routes": 181,
      "junctions": 114
    },
    "vehicles": {
      "total": 41,
      "scheduled": 29,
      "routed": 29,
      "short_route": 1,
      "invalid_route": 1
    },
    "results": {
      "name": "result_26220_26250",
      "cost": 0,
      "plans": 1,
      "timeout": 24.91
    }
  },
  "episode35": {
    "problems": {
      "name": "problem_26250_26280",
      "time": 0.083,
      "routes": 146,
      "junctions": 95
    },
    "vehicles": {
      "total": 13,
      "scheduled": 7,
      "routed": 7,
      "short_route": 1,
      "invalid_route": 0
    },
    "results": {
      "name": "result_26250_26280",
      "cost": 0,
      "plans": 1,
      "timeout": 24.917
    }
  },
  "episode36": {
    "problems": {
      "name": "problem_26280_26310",
      "time": 0.174,
      "routes": 278,
      "junctions": 166
    },
    "vehicles": {
      "total": 113,
      "scheduled": 67,
      "routed": 0,
      "short_route": 5,
      "invalid_route": 5
    },
    "results": {
      "name": "result_26280_26310",
      "cost": 0,
      "plans": 0,
      "timeout": 24.826
    }
  },
  "episode37": {
    "problems": {
      "name": "problem_26310_26340",
      "time": 0.119,
      "routes": 213,
      "junctions": 142
    },
    "vehicles": {
      "total": 42,
      "scheduled": 26,
      "routed": 26,
      "short_route": 1,
      "invalid_route": 2
    },
    "results": {
      "name": "result_26310_26340",
      "cost": 0,
      "plans": 1,
      "timeout": 24.881
    }
  },
  "episode38": {
    "problems": {
      "name": "problem_26340_26370",
      "time": 0.126,
      "routes": 218,
      "junctions": 138
    },
    "vehicles": {
      "total": 46,
      "scheduled": 31,
      "routed": 31,
      "short_route": 0,
      "invalid_route": 3
    },
    "results": {
      "name": "result_26340_26370",
      "cost": 0,
      "plans": 1,
      "timeout": 24.874
    }
  },
  "episode39": {
    "problems": {
      "name": "problem_26370_26400",
      "time": 0.141,
      "routes": 229,
      "junctions": 148
    },
    "vehicles": {
      "total": 45,
      "scheduled": 31,
      "routed": 31,
      "short_route": 1,
      "invalid_route": 0
    },
    "results": {
      "name": "result_26370_26400",
      "cost": 0,
      "plans": 1,
      "timeout": 24.859
    }
  },
  "episode40": {
    "problems": {
      "name": "problem_26400_26430",
      "time": 0.336,
      "routes": 236,
      "junctions": 154
    },
    "vehicles": {
      "total": 64,
      "scheduled": 42,
      "routed": 42,
      "short_route": 0,
      "invalid_route": 2
    },
    "results": {
      "name": "result_26400_26430",
      "cost": 0,
      "plans": 1,
      "timeout": 24.664
    }
  },
  "episode41": {
    "problems": {
      "name": "problem_26430_26460",
      "time": 0.099,
      "routes": 211,
      "junctions": 128
    },
    "vehicles": {
      "total": 32,
      "scheduled": 21,
      "routed": 21,
      "short_route": 2,
      "invalid_route": 1
    },
    "results": {
      "name": "result_26430_26460",
      "cost": 0,
      "plans": 1,
      "timeout": 24.901
    }
  },
  "episode42": {
    "problems": {
      "name": "problem_26460_26490",
      "time": 0.114,
      "routes": 228,
      "junctions": 147
    },
    "vehicles": {
      "total": 69,
      "scheduled": 39,
      "routed": 39,
      "short_route": 1,
      "invalid_route": 4
    },
    "results": {
      "name": "result_26460_26490",
      "cost": 0,
      "plans": 1,
      "timeout": 24.886
    }
  },
  "episode43": {
    "problems": {
      "name": "problem_26490_26520",
      "time": 0.109,
      "routes": 228,
      "junctions": 147
    },
    "vehicles": {
      "total": 39,
      "scheduled": 26,
      "routed": 26,
      "short_route": 1,
      "invalid_route": 4
    },
    "results": {
      "name": "result_26490_26520",
      "cost": 0,
      "plans": 1,
      "timeout": 24.891
    }
  },
  "episode44": {
    "problems": {
      "name": "problem_26520_26550",
      "time": 0.145,
      "routes": 272,
      "junctions": 167
    },
    "vehicles": {
      "total": 62,
      "scheduled": 43,
      "routed": 43,
      "short_route": 2,
      "invalid_route": 2
    },
    "results": {
      "name": "result_26520_26550",
      "cost": 0,
      "plans": 1,
      "timeout": 24.855
    }
  },
  "episode45": {
    "problems": {
      "name": "problem_26550_26580",
      "time": 0.1,
      "routes": 251,
      "junctions": 156
    },
    "vehicles": {
      "total": 53,
      "scheduled": 36,
      "routed": 36,
      "short_route": 1,
      "invalid_route": 2
    },
    "results": {
      "name": "result_26550_26580",
      "cost": 0,
      "plans": 1,
      "timeout": 24.9
    }
  },
  "episode46": {
    "problems": {
      "name": "problem_26580_26610",
      "time": 0.157,
      "routes": 255,
      "junctions": 157
    },
    "vehicles": {
      "total": 50,
      "scheduled": 35,
      "routed": 35,
      "short_route": 1,
      "invalid_route": 0
    },
    "results": {
      "name": "result_26580_26610",
      "cost": 0,
      "plans": 1,
      "timeout": 24.843
    }
  },
  "episode47": {
    "problems": {
      "name": "problem_26610_26640",
      "time": 0.081,
      "routes": 152,
      "junctions": 106
    },
    "vehicles": {
      "total": 14,
      "scheduled": 9,
      "routed": 9,
      "short_route": 0,
      "invalid_route": 0
    },
    "results": {
      "name": "result_26610_26640",
      "cost": 0,
      "plans": 1,
      "timeout": 24.919
    }
  },
  "episode48": {
    "problems": {
      "name": "problem_26640_26670",
      "time": 0.158,
      "routes": 289,
      "junctions": 173
    },
    "vehicles": {
      "total": 119,
      "scheduled": 67,
      "routed": 0,
      "short_route": 10,
      "invalid_route": 5
    },
    "results": {
      "name": "result_26640_26670",
      "cost": 0,
      "plans": 0,
      "timeout": 24.842
    }
  },
  "episode49": {
    "problems": {
      "name": "problem_26670_26700",
      "time": 0.339,
      "routes": 235,
      "junctions": 145
    },
    "vehicles": {
      "total": 49,
      "scheduled": 27,
      "routed": 27,
      "short_route": 0,
      "invalid_route": 1
    },
    "results": {
      "name": "result_26670_26700",
      "cost": 0,
      "plans": 1,
      "timeout": 24.661
    }
  },
  "episode50": {
    "problems": {
      "name": "problem_26700_26730",
      "time": 0.153,
      "routes": 230,
      "junctions": 142
    },
    "vehicles": {
      "total": 52,
      "scheduled": 33,
      "routed": 33,
      "short_route": 1,
      "invalid_route": 1
    },
    "results": {
      "name": "result_26700_26730",
      "cost": 0,
      "plans": 1,
      "timeout": 24.847
    }
  },
  "episode51": {
    "problems": {
      "name": "problem_26730_26760",
      "time": 0.146,
      "routes": 201,
      "junctions": 129
    },
    "vehicles": {
      "total": 50,
      "scheduled": 29,
      "routed": 29,
      "short_route": 1,
      "invalid_route": 0
    },
    "results": {
      "name": "result_26730_26760",
      "cost": 0,
      "plans": 1,
      "timeout": 24.854
    }
  },
  "episode52": {
    "problems": {
      "name": "problem_26760_26790",
      "time": 0.137,
      "routes": 237,
      "junctions": 160
    },
    "vehicles": {
      "total": 70,
      "scheduled": 45,
      "routed": 45,
      "short_route": 3,
      "invalid_route": 4
    },
    "results": {
      "name": "result_26760_26790",
      "cost": 0,
      "plans": 1,
      "timeout": 24.863
    }
  },
  "episode53": {
    "problems": {
      "name": "problem_26790_26820",
      "time": 0.089,
      "routes": 205,
      "junctions": 133
    },
    "vehicles": {
      "total": 35,
      "scheduled": 24,
      "routed": 24,
      "short_route": 0,
      "invalid_route": 1
    },
    "results": {
      "name": "result_26790_26820",
      "cost": 0,
      "plans": 1,
      "timeout": 24.911
    }
  },
  "episode54": {
    "problems": {
      "name": "problem_26820_26850",
      "time": 0.223,
      "routes": 261,
      "junctions": 159
    },
    "vehicles": {
      "total": 82,
      "scheduled": 47,
      "routed": 47,
      "short_route": 4,
      "invalid_route": 2
    },
    "results": {
      "name": "result_26820_26850",
      "cost": 0,
      "plans": 1,
      "timeout": 24.777
    }
  },
  "episode55": {
    "problems": {
      "name": "problem_26850_26880",
      "time": 0.097,
      "routes": 230,
      "junctions": 156
    },
    "vehicles": {
      "total": 38,
      "scheduled": 25,
      "routed": 25,
      "short_route": 1,
      "invalid_route": 0
    },
    "results": {
      "name": "result_26850_26880",
      "cost": 0,
      "plans": 1,
      "timeout": 24.903
    }
  },
  "episode56": {
    "problems": {
      "name": "problem_26880_26910",
      "time": 0.112,
      "routes": 250,
      "junctions": 153
    },
    "vehicles": {
      "total": 59,
      "scheduled": 40,
      "routed": 40,
      "short_route": 2,
      "invalid_route": 3
    },
    "results": {
      "name": "result_26880_26910",
      "cost": 0,
      "plans": 1,
      "timeout": 24.888
    }
  },
  "episode57": {
    "problems": {
      "name": "problem_26910_26940",
      "time": 0.107,
      "routes": 245,
      "junctions": 145
    },
    "vehicles": {
      "total": 50,
      "scheduled": 34,
      "routed": 34,
      "short_route": 0,
      "invalid_route": 3
    },
    "results": {
      "name": "result_26910_26940",
      "cost": 0,
      "plans": 1,
      "timeout": 24.893
    }
  },
  "episode58": {
    "problems": {
      "name": "problem_26940_26970",
      "time": 0.092,
      "routes": 246,
      "junctions": 151
    },
    "vehicles": {
      "total": 51,
      "scheduled": 33,
      "routed": 33,
      "short_route": 1,
      "invalid_route": 2
    },
    "results": {
      "name": "result_26940_26970",
      "cost": 0,
      "plans": 1,
      "timeout": 24.908
    }
  },
  "episode59": {
    "problems": {
      "name": "problem_26970_27000",
      "time": 0.095,
      "routes": 168,
      "junctions": 111
    },
    "vehicles": {
      "total": 18,
      "scheduled": 13,
      "routed": 13,
      "short_route": 0,
      "invalid_route": 0
    },
    "results": {
      "name": "result_26970_27000",
      "cost": 0,
      "plans": 1,
      "timeout": 24.905
    }
  },
  "episode60": {
    "problems": {
      "name": "problem_27000_27030",
      "time": 0.532,
      "routes": 304,
      "junctions": 175
    },
    "vehicles": {
      "total": 128,
      "scheduled": 88,
      "routed": 0,
      "short_route": 1,
      "invalid_route": 2
    },
    "results": {
      "name": "result_27000_27030",
      "cost": 0,
      "plans": 0,
      "timeout": 24.468
    }
  },
  "episode61": {
    "problems": {
      "name": "problem_27030_27060",
      "time": 0.101,
      "routes": 225,
      "junctions": 143
    },
    "vehicles": {
      "total": 43,
      "scheduled": 20,
      "routed": 20,
      "short_route": 1,
      "invalid_route": 4
    },
    "results": {
      "name": "result_27030_27060",
      "cost": 0,
      "plans": 1,
      "timeout": 24.899
    }
  },
  "episode62": {
    "problems": {
      "name": "problem_27060_27090",
      "time": 0.119,
      "routes": 234,
      "junctions": 144
    },
    "vehicles": {
      "total": 47,
      "scheduled": 27,
      "routed": 27,
      "short_route": 1,
      "invalid_route": 4
    },
    "results": {
      "name": "result_27060_27090",
      "cost": 0,
      "plans": 1,
      "timeout": 24.881
    }
  },
  "episode63": {
    "problems": {
      "name": "problem_27090_27120",
      "time": 0.106,
      "routes": 246,
      "junctions": 148
    },
    "vehicles": {
      "total": 52,
      "scheduled": 38,
      "routed": 38,
      "short_route": 2,
      "invalid_route": 1
    },
    "results": {
      "name": "result_27090_27120",
      "cost": 0,
      "plans": 1,
      "timeout": 24.894
    }
  },
  "episode64": {
    "problems": {
      "name": "problem_27120_27150",
      "time": 0.116,
      "routes": 263,
      "junctions": 159
    },
    "vehicles": {
      "total": 65,
      "scheduled": 42,
      "routed": 42,
      "short_route": 2,
      "invalid_route": 3
    },
    "results": {
      "name": "result_27120_27150",
      "cost": 0,
      "plans": 1,
      "timeout": 24.884
    }
  },
  "episode65": {
    "problems": {
      "name": "problem_27150_27180",
      "time": 0.086,
      "routes": 175,
      "junctions": 113
    },
    "vehicles": {
      "total": 32,
      "scheduled": 20,
      "routed": 20,
      "short_route": 1,
      "invalid_route": 2
    },
    "results": {
      "name": "result_27150_27180",
      "cost": 0,
      "plans": 1,
      "timeout": 24.914
    }
  },
  "episode66": {
    "problems": {
      "name": "problem_27180_27210",
      "time": 0.138,
      "routes": 270,
      "junctions": 158
    },
    "vehicles": {
      "total": 75,
      "scheduled": 44,
      "routed": 0,
      "short_route": 3,
      "invalid_route": 1
    },
    "results": {
      "name": "result_27180_27210",
      "cost": 0,
      "plans": 0,
      "timeout": 24.862
    }
  },
  "episode67": {
    "problems": {
      "name": "problem_27210_27240",
      "time": 0.125,
      "routes": 227,
      "junctions": 146
    },
    "vehicles": {
      "total": 43,
      "scheduled": 25,
      "routed": 25,
      "short_route": 1,
      "invalid_route": 2
    },
    "results": {
      "name": "result_27210_27240",
      "cost": 0,
      "plans": 1,
      "timeout": 24.875
    }
  },
  "episode68": {
    "problems": {
      "name": "problem_27240_27270",
      "time": 0.131,
      "routes": 283,
      "junctions": 167
    },
    "vehicles": {
      "total": 63,
      "scheduled": 47,
      "routed": 47,
      "short_route": 1,
      "invalid_route": 0
    },
    "results": {
      "name": "result_27240_27270",
      "cost": 0,
      "plans": 1,
      "timeout": 24.869
    }
  },
  "episode69": {
    "problems": {
      "name": "problem_27270_27300",
      "time": 0.113,
      "routes": 259,
      "junctions": 162
    },
    "vehicles": {
      "total": 61,
      "scheduled": 34,
      "routed": 34,
      "short_route": 2,
      "invalid_route": 2
    },
    "results": {
      "name": "result_27270_27300",
      "cost": 0,
      "plans": 1,
      "timeout": 24.887
    }
  },
  "episode70": {
    "problems": {
      "name": "problem_27300_27330",
      "time": 0.152,
      "routes": 229,
      "junctions": 153
    },
    "vehicles": {
      "total": 45,
      "scheduled": 25,
      "routed": 25,
      "short_route": 1,
      "invalid_route": 1
    },
    "results": {
      "name": "result_27300_27330",
      "cost": 0,
      "plans": 1,
      "timeout": 24.848
    }
  },
  "episode71": {
    "problems": {
      "name": "problem_27330_27360",
      "time": 0.465,
      "routes": 200,
      "junctions": 130
    },
    "vehicles": {
      "total": 18,
      "scheduled": 13,
      "routed": 13,
      "short_route": 0,
      "invalid_route": 0
    },
    "results": {
      "name": "result_27330_27360",
      "cost": 0,
      "plans": 1,
      "timeout": 24.535
    }
  },
  "episode72": {
    "problems": {
      "name": "problem_27360_27390",
      "time": 0.223,
      "routes": 302,
      "junctions": 184
    },
    "vehicles": {
      "total": 116,
      "scheduled": 81,
      "routed": 0,
      "short_route": 3,
      "invalid_route": 1
    },
    "results": {
      "name": "result_27360_27390",
      "cost": 0,
      "plans": 0,
      "timeout": 24.777
    }
  },
  "episode73": {
    "problems": {
      "name": "problem_27390_27420",
      "time": 0.104,
      "routes": 255,
      "junctions": 159
    },
    "vehicles": {
      "total": 47,
      "scheduled": 33,
      "routed": 33,
      "short_route": 4,
      "invalid_route": 0
    },
    "results": {
      "name": "result_27390_27420",
      "cost": 0,
      "plans": 1,
      "timeout": 24.896
    }
  },
  "episode74": {
    "problems": {
      "name": "problem_27420_27450",
      "time": 0.093,
      "routes": 246,
      "junctions": 156
    },
    "vehicles": {
      "total": 45,
      "scheduled": 31,
      "routed": 31,
      "short_route": 0,
      "invalid_route": 1
    },
    "results": {
      "name": "result_27420_27450",
      "cost": 0,
      "plans": 1,
      "timeout": 24.907
    }
  },
  "episode75": {
    "problems": {
      "name": "problem_27450_27480",
      "time": 0.122,
      "routes": 241,
      "junctions": 148
    },
    "vehicles": {
      "total": 56,
      "scheduled": 35,
      "routed": 35,
      "short_route": 0,
      "invalid_route": 1
    },
    "results": {
      "name": "result_27450_27480",
      "cost": 0,
      "plans": 1,
      "timeout": 24.878
    }
  },
  "episode76": {
    "problems": {
      "name": "problem_27480_27510",
      "time": 0.112,
      "routes": 271,
      "junctions": 166
    },
    "vehicles": {
      "total": 76,
      "scheduled": 46,
      "routed": 46,
      "short_route": 0,
      "invalid_route": 1
    },
    "results": {
      "name": "result_27480_27510",
      "cost": 0,
      "plans": 1,
      "timeout": 24.888
    }
  },
  "episode77": {
    "problems": {
      "name": "problem_27510_27540",
      "time": 0.092,
      "routes": 237,
      "junctions": 144
    },
    "vehicles": {
      "total": 36,
      "scheduled": 27,
      "routed": 27,
      "short_route": 2,
      "invalid_route": 0
    },
    "results": {
      "name": "result_27510_27540",
      "cost": 0,
      "plans": 1,
      "timeout": 24.908
    }
  },
  "episode78": {
    "problems": {
      "name": "problem_27540_27570",
      "time": 0.169,
      "routes": 255,
      "junctions": 151
    },
    "vehicles": {
      "total": 84,
      "scheduled": 53,
      "routed": 53,
      "short_route": 3,
      "invalid_route": 0
    },
    "results": {
      "name": "result_27540_27570",
      "cost": 0,
      "plans": 1,
      "timeout": 24.831
    }
  },
  "episode79": {
    "problems": {
      "name": "problem_27570_27600",
      "time": 0.093,
      "routes": 240,
      "junctions": 146
    },
    "vehicles": {
      "total": 47,
      "scheduled": 28,
      "routed": 28,
      "short_route": 2,
      "invalid_route": 3
    },
    "results": {
      "name": "result_27570_27600",
      "cost": 0,
      "plans": 1,
      "timeout": 24.907
    }
  },
  "episode80": {
    "problems": {
      "name": "problem_27600_27630",
      "time": 0.275,
      "routes": 277,
      "junctions": 171
    },
    "vehicles": {
      "total": 57,
      "scheduled": 41,
      "routed": 41,
      "short_route": 0,
      "invalid_route": 2
    },
    "results": {
      "name": "result_27600_27630",
      "cost": 0,
      "plans": 1,
      "timeout": 24.725
    }
  },
  "episode81": {
    "problems": {
      "name": "problem_27630_27660",
      "time": 0.093,
      "routes": 261,
      "junctions": 158
    },
    "vehicles": {
      "total": 53,
      "scheduled": 33,
      "routed": 33,
      "short_route": 2,
      "invalid_route": 1
    },
    "results": {
      "name": "result_27630_27660",
      "cost": 0,
      "plans": 1,
      "timeout": 24.907
    }
  },
  "episode82": {
    "problems": {
      "name": "problem_27660_27690",
      "time": 0.119,
      "routes": 270,
      "junctions": 162
    },
    "vehicles": {
      "total": 48,
      "scheduled": 32,
      "routed": 32,
      "short_route": 1,
      "invalid_route": 0
    },
    "results": {
      "name": "result_27660_27690",
      "cost": 0,
      "plans": 1,
      "timeout": 24.881
    }
  },
  "episode83": {
    "problems": {
      "name": "problem_27690_27720",
      "time": 0.108,
      "routes": 171,
      "junctions": 122
    },
    "vehicles": {
      "total": 19,
      "scheduled": 13,
      "routed": 13,
      "short_route": 1,
      "invalid_route": 0
    },
    "results": {
      "name": "result_27690_27720",
      "cost": 0,
      "plans": 1,
      "timeout": 24.892
    }
  },
  "episode84": {
    "problems": {
      "name": "problem_27720_27750",
      "time": 0.181,
      "routes": 287,
      "junctions": 173
    },
    "vehicles": {
      "total": 111,
      "scheduled": 76,
      "routed": 0,
      "short_route": 3,
      "invalid_route": 5
    },
    "results": {
      "name": "result_27720_27750",
      "cost": 0,
      "plans": 0,
      "timeout": 24.819
    }
  },
  "episode85": {
    "problems": {
      "name": "problem_27750_27780",
      "time": 0.605,
      "routes": 277,
      "junctions": 170
    },
    "vehicles": {
      "total": 52,
      "scheduled": 41,
      "routed": 41,
      "short_route": 1,
      "invalid_route": 0
    },
    "results": {
      "name": "result_27750_27780",
      "cost": 0,
      "plans": 1,
      "timeout": 24.395
    }
  },
  "episode86": {
    "problems": {
      "name": "problem_27780_27810",
      "time": 0.103,
      "routes": 236,
      "junctions": 147
    },
    "vehicles": {
      "total": 52,
      "scheduled": 31,
      "routed": 31,
      "short_route": 4,
      "invalid_route": 2
    },
    "results": {
      "name": "result_27780_27810",
      "cost": 0,
      "plans": 1,
      "timeout": 24.897
    }
  },
  "episode87": {
    "problems": {
      "name": "problem_27810_27840",
      "time": 0.095,
      "routes": 251,
      "junctions": 152
    },
    "vehicles": {
      "total": 57,
      "scheduled": 43,
      "routed": 43,
      "short_route": 2,
      "invalid_route": 1
    },
    "results": {
      "name": "result_27810_27840",
      "cost": 0,
      "plans": 1,
      "timeout": 24.905
    }
  },
  "episode88": {
    "problems": {
      "name": "problem_27840_27870",
      "time": 0.162,
      "routes": 275,
      "junctions": 163
    },
    "vehicles": {
      "total": 74,
      "scheduled": 45,
      "routed": 45,
      "short_route": 1,
      "invalid_route": 0
    },
    "results": {
      "name": "result_27840_27870",
      "cost": 0,
      "plans": 1,
      "timeout": 24.838
    }
  },
  "episode89": {
    "problems": {
      "name": "problem_27870_27900",
      "time": 0.22,
      "routes": 227,
      "junctions": 148
    },
    "vehicles": {
      "total": 34,
      "scheduled": 25,
      "routed": 25,
      "short_route": 1,
      "invalid_route": 0
    },
    "results": {
      "name": "result_27870_27900",
      "cost": 0,
      "plans": 1,
      "timeout": 24.78
    }
  },
  "episode90": {
    "problems": {
      "name": "problem_27900_27930",
      "time": 0.152,
      "routes": 293,
      "junctions": 169
    },
    "vehicles": {
      "total": 92,
      "scheduled": 59,
      "routed": 0,
      "short_route": 2,
      "invalid_route": 3
    },
    "results": {
      "name": "result_27900_27930",
      "cost": 0,
      "plans": 0,
      "timeout": 24.848
    }
  },
  "episode91": {
    "problems": {
      "name": "problem_27930_27960",
      "time": 0.162,
      "routes": 200,
      "junctions": 130
    },
    "vehicles": {
      "total": 40,
      "scheduled": 30,
      "routed": 30,
      "short_route": 0,
      "invalid_route": 3
    },
    "results": {
      "name": "result_27930_27960",
      "cost": 0,
      "plans": 1,
      "timeout": 24.838
    }
  },
  "episode92": {
    "problems": {
      "name": "problem_27960_27990",
      "time": 0.137,
      "routes": 271,
      "junctions": 162
    },
    "vehicles": {
      "total": 72,
      "scheduled": 46,
      "routed": 46,
      "short_route": 3,
      "invalid_route": 0
    },
    "results": {
      "name": "result_27960_27990",
      "cost": 0,
      "plans": 1,
      "timeout": 24.863
    }
  },
  "episode93": {
    "problems": {
      "name": "problem_27990_28020",
      "time": 0.118,
      "routes": 262,
      "junctions": 159
    },
    "vehicles": {
      "total": 65,
      "scheduled": 41,
      "routed": 41,
      "short_route": 1,
      "invalid_route": 1
    },
    "results": {
      "name": "result_27990_28020",
      "cost": 0,
      "plans": 1,
      "timeout": 24.882
    }
  },
  "episode94": {
    "problems": {
      "name": "problem_28020_28050",
      "time": 0.163,
      "routes": 244,
      "junctions": 151
    },
    "vehicles": {
      "total": 52,
      "scheduled": 35,
      "routed": 35,
      "short_route": 2,
      "invalid_route": 0
    },
    "results": {
      "name": "result_28020_28050",
      "cost": 0,
      "plans": 1,
      "timeout": 24.837
    }
  },
  "episode95": {
    "problems": {
      "name": "problem_28050_28080",
      "time": 0.108,
      "routes": 210,
      "junctions": 144
    },
    "vehicles": {
      "total": 20,
      "scheduled": 14,
      "routed": 14,
      "short_route": 1,
      "invalid_route": 0
    },
    "results": {
      "name": "result_28050_28080",
      "cost": 0,
      "plans": 1,
      "timeout": 24.892
    }
  },
  "episode96": {
    "problems": {
      "name": "problem_28080_28110",
      "time": 0.207,
      "routes": 280,
      "junctions": 163
    },
    "vehicles": {
      "total": 108,
      "scheduled": 57,
      "routed": 0,
      "short_route": 3,
      "invalid_route": 2
    },
    "results": {
      "name": "result_28080_28110",
      "cost": 0,
      "plans": 0,
      "timeout": 24.793
    }
  },
  "episode97": {
    "problems": {
      "name": "problem_28110_28140",
      "time": 0.1,
      "routes": 208,
      "junctions": 141
    },
    "vehicles": {
      "total": 45,
      "scheduled": 29,
      "routed": 29,
      "short_route": 1,
      "invalid_route": 1
    },
    "results": {
      "name": "result_28110_28140",
      "cost": 0,
      "plans": 1,
      "timeout": 24.9
    }
  },
  "episode98": {
    "problems": {
      "name": "problem_28140_28170",
      "time": 0.116,
      "routes": 240,
      "junctions": 150
    },
    "vehicles": {
      "total": 48,
      "scheduled": 33,
      "routed": 33,
      "short_route": 0,
      "invalid_route": 2
    },
    "results": {
      "name": "result_28140_28170",
      "cost": 0,
      "plans": 1,
      "timeout": 24.884
    }
  },
  "episode99": {
    "problems": {
      "name": "problem_28170_28200",
      "time": 0.128,
      "routes": 214,
      "junctions": 138
    },
    "vehicles": {
      "total": 50,
      "scheduled": 30,
      "routed": 30,
      "short_route": 2,
      "invalid_route": 1
    },
    "results": {
      "name": "result_28170_28200",
      "cost": 0,
      "plans": 1,
      "timeout": 24.872
    }
  },
  "episode100": {
    "problems": {
      "name": "problem_28200_28230",
      "time": 0.711,
      "routes": 267,
      "junctions": 168
    },
    "vehicles": {
      "total": 69,
      "scheduled": 45,
      "routed": 45,
      "short_route": 3,
      "invalid_route": 1
    },
    "results": {
      "name": "result_28200_28230",
      "cost": 0,
      "plans": 1,
      "timeout": 24.289
    }
  },
  "episode101": {
    "problems": {
      "name": "problem_28230_28260",
      "time": 0.11,
      "routes": 184,
      "junctions": 125
    },
    "vehicles": {
      "total": 31,
      "scheduled": 22,
      "routed": 22,
      "short_route": 0,
      "invalid_route": 0
    },
    "results": {
      "name": "result_28230_28260",
      "cost": 0,
      "plans": 1,
      "timeout": 24.89
    }
  },
  "episode102": {
    "problems": {
      "name": "problem_28260_28290",
      "time": 0.134,
      "routes": 277,
      "junctions": 168
    },
    "vehicles": {
      "total": 78,
      "scheduled": 53,
      "routed": 53,
      "short_route": 3,
      "invalid_route": 0
    },
    "results": {
      "name": "result_28260_28290",
      "cost": 0,
      "plans": 1,
      "timeout": 24.866
    }
  },
  "episode103": {
    "problems": {
      "name": "problem_28290_28320",
      "time": 0.15,
      "routes": 234,
      "junctions": 143
    },
    "vehicles": {
      "total": 40,
      "scheduled": 27,
      "routed": 27,
      "short_route": 1,
      "invalid_route": 3
    },
    "results": {
      "name": "result_28290_28320",
      "cost": 0,
      "plans": 1,
      "timeout": 24.85
    }
  },
  "episode104": {
    "problems": {
      "name": "problem_28320_28350",
      "time": 0.129,
      "routes": 235,
      "junctions": 148
    },
    "vehicles": {
      "total": 64,
      "scheduled": 30,
      "routed": 30,
      "short_route": 2,
      "invalid_route": 0
    },
    "results": {
      "name": "result_28320_28350",
      "cost": 0,
      "plans": 1,
      "timeout": 24.871
    }
  },
  "episode105": {
    "problems": {
      "name": "problem_28350_28380",
      "time": 0.102,
      "routes": 232,
      "junctions": 147
    },
    "vehicles": {
      "total": 61,
      "scheduled": 36,
      "routed": 36,
      "short_route": 2,
      "invalid_route": 1
    },
    "results": {
      "name": "result_28350_28380",
      "cost": 0,
      "plans": 1,
      "timeout": 24.898
    }
  },
  "episode106": {
    "problems": {
      "name": "problem_28380_28410",
      "time": 0.097,
      "routes": 247,
      "junctions": 150
    },
    "vehicles": {
      "total": 45,
      "scheduled": 35,
      "routed": 35,
      "short_route": 0,
      "invalid_route": 2
    },
    "results": {
      "name": "result_28380_28410",
      "cost": 0,
      "plans": 1,
      "timeout": 24.903
    }
  },
  "episode107": {
    "problems": {
      "name": "problem_28410_28440",
      "time": 0.151,
      "routes": 200,
      "junctions": 133
    },
    "vehicles": {
      "total": 18,
      "scheduled": 12,
      "routed": 12,
      "short_route": 0,
      "invalid_route": 0
    },
    "results": {
      "name": "result_28410_28440",
      "cost": 0,
      "plans": 1,
      "timeout": 24.849
    }
  },
  "episode108": {
    "problems": {
      "name": "problem_28440_28470",
      "time": 0.149,
      "routes": 273,
      "junctions": 166
    },
    "vehicles": {
      "total": 102,
      "scheduled": 60,
      "routed": 0,
      "short_route": 0,
      "invalid_route": 4
    },
    "results": {
      "name": "result_28440_28470",
      "cost": 0,
      "plans": 0,
      "timeout": 24.851
    }
  },
  "episode109": {
    "problems": {
      "name": "problem_28470_28500",
      "time": 0.149,
      "routes": 239,
      "junctions": 152
    },
    "vehicles": {
      "total": 47,
      "scheduled": 31,
      "routed": 31,
      "short_route": 2,
      "invalid_route": 2
    },
    "results": {
      "name": "result_28470_28500",
      "cost": 0,
      "plans": 1,
      "timeout": 24.851
    }
  },
  "episode110": {
    "problems": {
      "name": "problem_28500_28530",
      "time": 0.118,
      "routes": 246,
      "junctions": 158
    },
    "vehicles": {
      "total": 48,
      "scheduled": 31,
      "routed": 31,
      "short_route": 1,
      "invalid_route": 0
    },
    "results": {
      "name": "result_28500_28530",
      "cost": 0,
      "plans": 1,
      "timeout": 24.882
    }
  },
  "episode111": {
    "problems": {
      "name": "problem_28530_28560",
      "time": 0.101,
      "routes": 250,
      "junctions": 149
    },
    "vehicles": {
      "total": 49,
      "scheduled": 32,
      "routed": 32,
      "short_route": 1,
      "invalid_route": 2
    },
    "results": {
      "name": "result_28530_28560",
      "cost": 0,
      "plans": 1,
      "timeout": 24.899
    }
  },
  "episode112": {
    "problems": {
      "name": "problem_28560_28590",
      "time": 0.191,
      "routes": 273,
      "junctions": 163
    },
    "vehicles": {
      "total": 70,
      "scheduled": 48,
      "routed": 48,
      "short_route": 3,
      "invalid_route": 1
    },
    "results": {
      "name": "result_28560_28590",
      "cost": 0,
      "plans": 1,
      "timeout": 24.809
    }
  },
  "episode113": {
    "problems": {
      "name": "problem_28590_28620",
      "time": 0.096,
      "routes": 181,
      "junctions": 131
    },
    "vehicles": {
      "total": 36,
      "scheduled": 18,
      "routed": 18,
      "short_route": 2,
      "invalid_route": 1
    },
    "results": {
      "name": "result_28590_28620",
      "cost": 0,
      "plans": 1,
      "timeout": 24.904
    }
  },
  "episode114": {
    "problems": {
      "name": "problem_28620_28650",
      "time": 0.152,
      "routes": 282,
      "junctions": 167
    },
    "vehicles": {
      "total": 84,
      "scheduled": 53,
      "routed": 0,
      "short_route": 0,
      "invalid_route": 3
    },
    "results": {
      "name": "result_28620_28650",
      "cost": 0,
      "plans": 0,
      "timeout": 24.848
    }
  },
  "episode115": {
    "problems": {
      "name": "problem_28650_28680",
      "time": 0.093,
      "routes": 190,
      "junctions": 129
    },
    "vehicles": {
      "total": 43,
      "scheduled": 24,
      "routed": 24,
      "short_route": 1,
      "invalid_route": 1
    },
    "results": {
      "name": "result_28650_28680",
      "cost": 0,
      "plans": 1,
      "timeout": 24.907
    }
  },
  "episode116": {
    "problems": {
      "name": "problem_28680_28710",
      "time": 0.129,
      "routes": 239,
      "junctions": 152
    },
    "vehicles": {
      "total": 58,
      "scheduled": 33,
      "routed": 33,
      "short_route": 3,
      "invalid_route": 2
    },
    "results": {
      "name": "result_28680_28710",
      "cost": 0,
      "plans": 1,
      "timeout": 24.871
    }
  },
  "episode117": {
    "problems": {
      "name": "problem_28710_28740",
      "time": 0.118,
      "routes": 261,
      "junctions": 157
    },
    "vehicles": {
      "total": 58,
      "scheduled": 31,
      "routed": 31,
      "short_route": 0,
      "invalid_route": 0
    },
    "results": {
      "name": "result_28710_28740",
      "cost": 0,
      "plans": 1,
      "timeout": 24.882
    }
  },
  "episode118": {
    "problems": {
      "name": "problem_28740_28770",
      "time": 0.138,
      "routes": 253,
      "junctions": 155
    },
    "vehicles": {
      "total": 56,
      "scheduled": 39,
      "routed": 39,
      "short_route": 2,
      "invalid_route": 1
    },
    "results": {
      "name": "result_28740_28770",
      "cost": 0,
      "plans": 1,
      "timeout": 24.862
    }
  },
  "episode119": {
    "problems": {
      "name": "problem_28770_28800",
      "time": 0.762,
      "routes": 185,
      "junctions": 136
    },
    "vehicles": {
      "total": 16,
      "scheduled": 12,
      "routed": 12,
      "short_route": 0,
      "invalid_route": 0
    },
    "results": {
      "name": "result_28770_28800",
      "cost": 0,
      "plans": 1,
      "timeout": 24.238
    }
  },
  "episode120": {
    "problems": {
      "name": "problem_28800_28830",
      "time": 0.204,
      "routes": 290,
      "junctions": 175
    },
    "vehicles": {
      "total": 100,
      "scheduled": 73,
      "routed": 0,
      "short_route": 0,
      "invalid_route": 2
    },
    "results": {
      "name": "result_28800_28830",
      "cost": 0,
      "plans": 0,
      "timeout": 24.796
    }
  },
  "episode121": {
    "problems": {
      "name": "problem_28830_28860",
      "time": 0.093,
      "routes": 188,
      "junctions": 131
    },
    "vehicles": {
      "total": 37,
      "scheduled": 25,
      "routed": 25,
      "short_route": 1,
      "invalid_route": 4
    },
    "results": {
      "name": "result_28830_28860",
      "cost": 0,
      "plans": 1,
      "timeout": 24.907
    }
  },
  "episode122": {
    "problems": {
      "name": "problem_28860_28890",
      "time": 0.103,
      "routes": 244,
      "junctions": 148
    },
    "vehicles": {
      "total": 52,
      "scheduled": 38,
      "routed": 38,
      "short_route": 1,
      "invalid_route": 2
    },
    "results": {
      "name": "result_28860_28890",
      "cost": 0,
      "plans": 1,
      "timeout": 24.897
    }
  },
  "episode123": {
    "problems": {
      "name": "problem_28890_28920",
      "time": 0.097,
      "routes": 216,
      "junctions": 146
    },
    "vehicles": {
      "total": 40,
      "scheduled": 26,
      "routed": 26,
      "short_route": 0,
      "invalid_route": 1
    },
    "results": {
      "name": "result_28890_28920",
      "cost": 0,
      "plans": 1,
      "timeout": 24.903
    }
  },
  "episode124": {
    "problems": {
      "name": "problem_28920_28950",
      "time": 0.145,
      "routes": 255,
      "junctions": 158
    },
    "vehicles": {
      "total": 70,
      "scheduled": 54,
      "routed": 54,
      "short_route": 0,
      "invalid_route": 3
    },
    "results": {
      "name": "result_28920_28950",
      "cost": 0,
      "plans": 1,
      "timeout": 24.855
    }
  },
  "episode125": {
    "problems": {
      "name": "problem_28950_28980",
      "time": 0.191,
      "routes": 248,
      "junctions": 151
    },
    "vehicles": {
      "total": 36,
      "scheduled": 27,
      "routed": 27,
      "short_route": 1,
      "invalid_route": 1
    },
    "results": {
      "name": "result_28950_28980",
      "cost": 0,
      "plans": 1,
      "timeout": 24.809
    }
  },
  "episode126": {
    "problems": {
      "name": "problem_28980_29010",
      "time": 0.174,
      "routes": 261,
      "junctions": 168
    },
    "vehicles": {
      "total": 79,
      "scheduled": 55,
      "routed": 55,
      "short_route": 0,
      "invalid_route": 5
    },
    "results": {
      "name": "result_28980_29010",
      "cost": 0,
      "plans": 1,
      "timeout": 24.826
    }
  },
  "episode127": {
    "problems": {
      "name": "problem_29010_29040",
      "time": 0.091,
      "routes": 190,
      "junctions": 127
    },
    "vehicles": {
      "total": 32,
      "scheduled": 25,
      "routed": 25,
      "short_route": 0,
      "invalid_route": 0
    },
    "results": {
      "name": "result_29010_29040",
      "cost": 0,
      "plans": 1,
      "timeout": 24.909
    }
  },
  "episode128": {
    "problems": {
      "name": "problem_29040_29070",
      "time": 0.149,
      "routes": 228,
      "junctions": 150
    },
    "vehicles": {
      "total": 61,
      "scheduled": 43,
      "routed": 43,
      "short_route": 1,
      "invalid_route": 4
    },
    "results": {
      "name": "result_29040_29070",
      "cost": 0,
      "plans": 1,
      "timeout": 24.851
    }
  },
  "episode129": {
    "problems": {
      "name": "problem_29070_29100",
      "time": 0.153,
      "routes": 254,
      "junctions": 155
    },
    "vehicles": {
      "total": 52,
      "scheduled": 37,
      "routed": 37,
      "short_route": 3,
      "invalid_route": 2
    },
    "results": {
      "name": "result_29070_29100",
      "cost": 0,
      "plans": 1,
      "timeout": 24.847
    }
  },
  "episode130": {
    "problems": {
      "name": "problem_29100_29130",
      "time": 0.118,
      "routes": 240,
      "junctions": 154
    },
    "vehicles": {
      "total": 50,
      "scheduled": 37,
      "routed": 37,
      "short_route": 1,
      "invalid_route": 2
    },
    "results": {
      "name": "result_29100_29130",
      "cost": 0,
      "plans": 1,
      "timeout": 24.882
    }
  },
  "episode131": {
    "problems": {
      "name": "problem_29130_29160",
      "time": 0.092,
      "routes": 179,
      "junctions": 126
    },
    "vehicles": {
      "total": 17,
      "scheduled": 15,
      "routed": 15,
      "short_route": 0,
      "invalid_route": 1
    },
    "results": {
      "name": "result_29130_29160",
      "cost": 0,
      "plans": 1,
      "timeout": 24.908
    }
  },
  "episode132": {
    "problems": {
      "name": "problem_29160_29190",
      "time": 0.173,
      "routes": 255,
      "junctions": 163
    },
    "vehicles": {
      "total": 102,
      "scheduled": 69,
      "routed": 69,
      "short_route": 2,
      "invalid_route": 1
    },
    "results": {
      "name": "result_29160_29190",
      "cost": 0,
      "plans": 1,
      "timeout": 24.827
    }
  },
  "episode133": {
    "problems": {
      "name": "problem_29190_29220",
      "time": 0.105,
      "routes": 216,
      "junctions": 139
    },
    "vehicles": {
      "total": 39,
      "scheduled": 28,
      "routed": 28,
      "short_route": 0,
      "invalid_route": 3
    },
    "results": {
      "name": "result_29190_29220",
      "cost": 0,
      "plans": 1,
      "timeout": 24.895
    }
  },
  "episode134": {
    "problems": {
      "name": "problem_29220_29250",
      "time": 0.107,
      "routes": 227,
      "junctions": 143
    },
    "vehicles": {
      "total": 41,
      "scheduled": 34,
      "routed": 34,
      "short_route": 1,
      "invalid_route": 2
    },
    "results": {
      "name": "result_29220_29250",
      "cost": 0,
      "plans": 1,
      "timeout": 24.893
    }
  },
  "episode135": {
    "problems": {
      "name": "problem_29250_29280",
      "time": 0.109,
      "routes": 215,
      "junctions": 141
    },
    "vehicles": {
      "total": 48,
      "scheduled": 34,
      "routed": 34,
      "short_route": 1,
      "invalid_route": 2
    },
    "results": {
      "name": "result_29250_29280",
      "cost": 0,
      "plans": 1,
      "timeout": 24.891
    }
  },
  "episode136": {
    "problems": {
      "name": "problem_29280_29310",
      "time": 0.171,
      "routes": 252,
      "junctions": 160
    },
    "vehicles": {
      "total": 63,
      "scheduled": 47,
      "routed": 47,
      "short_route": 1,
      "invalid_route": 1
    },
    "results": {
      "name": "result_29280_29310",
      "cost": 0,
      "plans": 1,
      "timeout": 24.829
    }
  },
  "episode137": {
    "problems": {
      "name": "problem_29310_29340",
      "time": 0.132,
      "routes": 202,
      "junctions": 141
    },
    "vehicles": {
      "total": 27,
      "scheduled": 19,
      "routed": 19,
      "short_route": 0,
      "invalid_route": 3
    },
    "results": {
      "name": "result_29310_29340",
      "cost": 0,
      "plans": 1,
      "timeout": 24.868
    }
  },
  "episode138": {
    "problems": {
      "name": "problem_29340_29370",
      "time": 0.164,
      "routes": 227,
      "junctions": 148
    },
    "vehicles": {
      "total": 73,
      "scheduled": 49,
      "routed": 49,
      "short_route": 1,
      "invalid_route": 1
    },
    "results": {
      "name": "result_29340_29370",
      "cost": 0,
      "plans": 1,
      "timeout": 24.836
    }
  },
  "episode139": {
    "problems": {
      "name": "problem_29370_29400",
      "time": 0.142,
      "routes": 215,
      "junctions": 140
    },
    "vehicles": {
      "total": 44,
      "scheduled": 26,
      "routed": 26,
      "short_route": 1,
      "invalid_route": 2
    },
    "results": {
      "name": "result_29370_29400",
      "cost": 0,
      "plans": 1,
      "timeout": 24.858
    }
  },
  "episode140": {
    "problems": {
      "name": "problem_29400_29430",
      "time": 1.071,
      "routes": 247,
      "junctions": 155
    },
    "vehicles": {
      "total": 61,
      "scheduled": 47,
      "routed": 47,
      "short_route": 1,
      "invalid_route": 1
    },
    "results": {
      "name": "result_29400_29430",
      "cost": 0,
      "plans": 1,
      "timeout": 23.929
    }
  },
  "episode141": {
    "problems": {
      "name": "problem_29430_29460",
      "time": 0.094,
      "routes": 250,
      "junctions": 147
    },
    "vehicles": {
      "total": 51,
      "scheduled": 34,
      "routed": 34,
      "short_route": 2,
      "invalid_route": 3
    },
    "results": {
      "name": "result_29430_29460",
      "cost": 0,
      "plans": 1,
      "timeout": 24.906
    }
  },
  "episode142": {
    "problems": {
      "name": "problem_29460_29490",
      "time": 0.119,
      "routes": 230,
      "junctions": 143
    },
    "vehicles": {
      "total": 49,
      "scheduled": 35,
      "routed": 35,
      "short_route": 0,
      "invalid_route": 0
    },
    "results": {
      "name": "result_29460_29490",
      "cost": 0,
      "plans": 1,
      "timeout": 24.881
    }
  },
  "episode143": {
    "problems": {
      "name": "problem_29490_29520",
      "time": 0.116,
      "routes": 157,
      "junctions": 110
    },
    "vehicles": {
      "total": 17,
      "scheduled": 16,
      "routed": 16,
      "short_route": 0,
      "invalid_route": 0
    },
    "results": {
      "name": "result_29490_29520",
      "cost": 0,
      "plans": 1,
      "timeout": 24.884
    }
  },
  "episode144": {
    "problems": {
      "name": "problem_29520_29550",
      "time": 0.194,
      "routes": 259,
      "junctions": 159
    },
    "vehicles": {
      "total": 113,
      "scheduled": 74,
      "routed": 0,
      "short_route": 3,
      "invalid_route": 5
    },
    "results": {
      "name": "result_29520_29550",
      "cost": 0,
      "plans": 0,
      "timeout": 24.806
    }
  },
  "episode145": {
    "problems": {
      "name": "problem_29550_29580",
      "time": 0.192,
      "routes": 201,
      "junctions": 137
    },
    "vehicles": {
      "total": 37,
      "scheduled": 28,
      "routed": 28,
      "short_route": 1,
      "invalid_route": 1
    },
    "results": {
      "name": "result_29550_29580",
      "cost": 0,
      "plans": 1,
      "timeout": 24.808
    }
  },
  "episode146": {
    "problems": {
      "name": "problem_29580_29610",
      "time": 0.301,
      "routes": 226,
      "junctions": 140
    },
    "vehicles": {
      "total": 40,
      "scheduled": 29,
      "routed": 29,
      "short_route": 2,
      "invalid_route": 1
    },
    "results": {
      "name": "result_29580_29610",
      "cost": 0,
      "plans": 1,
      "timeout": 24.699
    }
  },
  "episode147": {
    "problems": {
      "name": "problem_29610_29640",
      "time": 0.214,
      "routes": 214,
      "junctions": 141
    },
    "vehicles": {
      "total": 49,
      "scheduled": 34,
      "routed": 34,
      "short_route": 3,
      "invalid_route": 3
    },
    "results": {
      "name": "result_29610_29640",
      "cost": 0,
      "plans": 1,
      "timeout": 24.786
    }
  },
  "episode148": {
    "problems": {
      "name": "problem_29640_29670",
      "time": 0.117,
      "routes": 219,
      "junctions": 133
    },
    "vehicles": {
      "total": 67,
      "scheduled": 48,
      "routed": 48,
      "short_route": 4,
      "invalid_route": 3
    },
    "results": {
      "name": "result_29640_29670",
      "cost": 0,
      "plans": 1,
      "timeout": 24.883
    }
  },
  "episode149": {
    "problems": {
      "name": "problem_29670_29700",
      "time": 0.11,
      "routes": 208,
      "junctions": 134
    },
    "vehicles": {
      "total": 28,
      "scheduled": 24,
      "routed": 24,
      "short_route": 0,
      "invalid_route": 1
    },
    "results": {
      "name": "result_29670_29700",
      "cost": 0,
      "plans": 1,
      "timeout": 24.89
    }
  },
  "episode150": {
    "problems": {
      "name": "problem_29700_29730",
      "time": 0.147,
      "routes": 233,
      "junctions": 151
    },
    "vehicles": {
      "total": 63,
      "scheduled": 43,
      "routed": 43,
      "short_route": 1,
      "invalid_route": 4
    },
    "results": {
      "name": "result_29700_29730",
      "cost": 0,
      "plans": 1,
      "timeout": 24.853
    }
  },
  "episode151": {
    "problems": {
      "name": "problem_29730_29760",
      "time": 0.164,
      "routes": 207,
      "junctions": 132
    },
    "vehicles": {
      "total": 31,
      "scheduled": 25,
      "routed": 25,
      "short_route": 0,
      "invalid_route": 0
    },
    "results": {
      "name": "result_29730_29760",
      "cost": 0,
      "plans": 1,
      "timeout": 24.836
    }
  },
  "episode152": {
    "problems": {
      "name": "problem_29760_29790",
      "time": 0.113,
      "routes": 189,
      "junctions": 135
    },
    "vehicles": {
      "total": 52,
      "scheduled": 27,
      "routed": 27,
      "short_route": 1,
      "invalid_route": 4
    },
    "results": {
      "name": "result_29760_29790",
      "cost": 0,
      "plans": 1,
      "timeout": 24.887
    }
  },
  "episode153": {
    "problems": {
      "name": "problem_29790_29820",
      "time": 0.113,
      "routes": 210,
      "junctions": 136
    },
    "vehicles": {
      "total": 44,
      "scheduled": 33,
      "routed": 33,
      "short_route": 1,
      "invalid_route": 3
    },
    "results": {
      "name": "result_29790_29820",
      "cost": 0,
      "plans": 1,
      "timeout": 24.887
    }
  },
  "episode154": {
    "problems": {
      "name": "problem_29820_29850",
      "time": 0.135,
      "routes": 214,
      "junctions": 137
    },
    "vehicles": {
      "total": 33,
      "scheduled": 25,
      "routed": 25,
      "short_route": 1,
      "invalid_route": 1
    },
    "results": {
      "name": "result_29820_29850",
      "cost": 0,
      "plans": 1,
      "timeout": 24.865
    }
  },
  "episode155": {
    "problems": {
      "name": "problem_29850_29880",
      "time": 0.131,
      "routes": 136,
      "junctions": 99
    },
    "vehicles": {
      "total": 15,
      "scheduled": 11,
      "routed": 11,
      "short_route": 0,
      "invalid_route": 0
    },
    "results": {
      "name": "result_29850_29880",
      "cost": 0,
      "plans": 1,
      "timeout": 24.869
    }
  },
  "episode156": {
    "problems": {
      "name": "problem_29880_29910",
      "time": 0.142,
      "routes": 278,
      "junctions": 158
    },
    "vehicles": {
      "total": 94,
      "scheduled": 63,
      "routed": 0,
      "short_route": 1,
      "invalid_route": 3
    },
    "results": {
      "name": "result_29880_29910",
      "cost": 0,
      "plans": 0,
      "timeout": 24.858
    }
  },
  "episode157": {
    "problems": {
      "name": "problem_29910_29940",
      "time": 0.093,
      "routes": 239,
      "junctions": 148
    },
    "vehicles": {
      "total": 36,
      "scheduled": 23,
      "routed": 23,
      "short_route": 3,
      "invalid_route": 2
    },
    "results": {
      "name": "result_29910_29940",
      "cost": 0,
      "plans": 1,
      "timeout": 24.907
    }
  },
  "episode158": {
    "problems": {
      "name": "problem_29940_29970",
      "time": 0.09,
      "routes": 167,
      "junctions": 116
    },
    "vehicles": {
      "total": 31,
      "scheduled": 21,
      "routed": 21,
      "short_route": 0,
      "invalid_route": 1
    },
    "results": {
      "name": "result_29940_29970",
      "cost": 0,
      "plans": 1,
      "timeout": 24.91
    }
  },
  "episode159": {
    "problems": {
      "name": "problem_29970_30000",
      "time": 0.1,
      "routes": 207,
      "junctions": 132
    },
    "vehicles": {
      "total": 47,
      "scheduled": 27,
      "routed": 27,
      "short_route": 0,
      "invalid_route": 4
    },
    "results": {
      "name": "result_29970_30000",
      "cost": 0,
      "plans": 1,
      "timeout": 24.9
    }
  },
  "episode160": {
    "problems": {
      "name": "problem_30000_30030",
      "time": 0.095,
      "routes": 225,
      "junctions": 151
    },
    "vehicles": {
      "total": 42,
      "scheduled": 29,
      "routed": 29,
      "short_route": 0,
      "invalid_route": 1
    },
    "results": {
      "name": "result_30000_30030",
      "cost": 0,
      "plans": 1,
      "timeout": 24.905
    }
  },
  "episode161": {
    "problems": {
      "name": "problem_30030_30060",
      "time": 0.088,
      "routes": 187,
      "junctions": 131
    },
    "vehicles": {
      "total": 27,
      "scheduled": 19,
      "routed": 19,
      "short_route": 0,
      "invalid_route": 0
    },
    "results": {
      "name": "result_30030_30060",
      "cost": 0,
      "plans": 1,
      "timeout": 24.912
    }
  },
  "episode162": {
    "problems": {
      "name": "problem_30060_30090",
      "time": 0.096,
      "routes": 255,
      "junctions": 157
    },
    "vehicles": {
      "total": 65,
      "scheduled": 46,
      "routed": 46,
      "short_route": 0,
      "invalid_route": 3
    },
    "results": {
      "name": "result_30060_30090",
      "cost": 0,
      "plans": 1,
      "timeout": 24.904
    }
  },
  "episode163": {
    "problems": {
      "name": "problem_30090_30120",
      "time": 0.1,
      "routes": 202,
      "junctions": 132
    },
    "vehicles": {
      "total": 33,
      "scheduled": 23,
      "routed": 23,
      "short_route": 2,
      "invalid_route": 3
    },
    "results": {
      "name": "result_30090_30120",
      "cost": 0,
      "plans": 1,
      "timeout": 24.9
    }
  },
  "episode164": {
    "problems": {
      "name": "problem_30120_30150",
      "time": 0.098,
      "routes": 208,
      "junctions": 133
    },
    "vehicles": {
      "total": 40,
      "scheduled": 27,
      "routed": 27,
      "short_route": 1,
      "invalid_route": 1
    },
    "results": {
      "name": "result_30120_30150",
      "cost": 0,
      "plans": 1,
      "timeout": 24.902
    }
  },
  "episode165": {
    "problems": {
      "name": "problem_30150_30180",
      "time": 1.046,
      "routes": 228,
      "junctions": 141
    },
    "vehicles": {
      "total": 50,
      "scheduled": 35,
      "routed": 35,
      "short_route": 0,
      "invalid_route": 0
    },
    "results": {
      "name": "result_30150_30180",
      "cost": 0,
      "plans": 1,
      "timeout": 23.954
    }
  },
  "episode166": {
    "problems": {
      "name": "problem_30180_30210",
      "time": 0.097,
      "routes": 203,
      "junctions": 138
    },
    "vehicles": {
      "total": 37,
      "scheduled": 24,
      "routed": 24,
      "short_route": 2,
      "invalid_route": 0
    },
    "results": {
      "name": "result_30180_30210",
      "cost": 0,
      "plans": 1,
      "timeout": 24.903
    }
  },
  "episode167": {
    "problems": {
      "name": "problem_30210_30240",
      "time": 0.085,
      "routes": 130,
      "junctions": 94
    },
    "vehicles": {
      "total": 14,
      "scheduled": 13,
      "routed": 13,
      "short_route": 0,
      "invalid_route": 0
    },
    "results": {
      "name": "result_30210_30240",
      "cost": 0,
      "plans": 1,
      "timeout": 24.915
    }
  },
  "episode168": {
    "problems": {
      "name": "problem_30240_30270",
      "time": 0.135,
      "routes": 255,
      "junctions": 159
    },
    "vehicles": {
      "total": 93,
      "scheduled": 61,
      "routed": 61,
      "short_route": 3,
      "invalid_route": 2
    },
    "results": {
      "name": "result_30240_30270",
      "cost": 0,
      "plans": 1,
      "timeout": 24.865
    }
  },
  "episode169": {
    "problems": {
      "name": "problem_30270_30300",
      "time": 0.091,
      "routes": 205,
      "junctions": 137
    },
    "vehicles": {
      "total": 37,
      "scheduled": 25,
      "routed": 25,
      "short_route": 0,
      "invalid_route": 0
    },
    "results": {
      "name": "result_30270_30300",
      "cost": 0,
      "plans": 1,
      "timeout": 24.909
    }
  },
  "episode170": {
    "problems": {
      "name": "problem_30300_30330",
      "time": 0.098,
      "routes": 206,
      "junctions": 133
    },
    "vehicles": {
      "total": 33,
      "scheduled": 23,
      "routed": 23,
      "short_route": 1,
      "invalid_route": 2
    },
    "results": {
      "name": "result_30300_30330",
      "cost": 0,
      "plans": 1,
      "timeout": 24.902
    }
  },
  "episode171": {
    "problems": {
      "name": "problem_30330_30360",
      "time": 0.094,
      "routes": 203,
      "junctions": 134
    },
    "vehicles": {
      "total": 46,
      "scheduled": 33,
      "routed": 33,
      "short_route": 0,
      "invalid_route": 1
    },
    "results": {
      "name": "result_30330_30360",
      "cost": 0,
      "plans": 1,
      "timeout": 24.906
    }
  },
  "episode172": {
    "problems": {
      "name": "problem_30360_30390",
      "time": 0.088,
      "routes": 204,
      "junctions": 134
    },
    "vehicles": {
      "total": 43,
      "scheduled": 28,
      "routed": 28,
      "short_route": 2,
      "invalid_route": 1
    },
    "results": {
      "name": "result_30360_30390",
      "cost": 0,
      "plans": 1,
      "timeout": 24.912
    }
  },
  "episode173": {
    "problems": {
      "name": "problem_30390_30420",
      "time": 0.087,
      "routes": 157,
      "junctions": 116
    },
    "vehicles": {
      "total": 18,
      "scheduled": 12,
      "routed": 12,
      "short_route": 0,
      "invalid_route": 1
    },
    "results": {
      "name": "result_30390_30420",
      "cost": 0,
      "plans": 1,
      "timeout": 24.913
    }
  },
  "episode174": {
    "problems": {
      "name": "problem_30420_30450",
      "time": 0.104,
      "routes": 250,
      "junctions": 156
    },
    "vehicles": {
      "total": 56,
      "scheduled": 36,
      "routed": 36,
      "short_route": 1,
      "invalid_route": 2
    },
    "results": {
      "name": "result_30420_30450",
      "cost": 0,
      "plans": 1,
      "timeout": 24.896
    }
  },
  "episode175": {
    "problems": {
      "name": "problem_30450_30480",
      "time": 0.09,
      "routes": 180,
      "junctions": 120
    },
    "vehicles": {
      "total": 31,
      "scheduled": 21,
      "routed": 21,
      "short_route": 1,
      "invalid_route": 1
    },
    "results": {
      "name": "result_30450_30480",
      "cost": 0,
      "plans": 1,
      "timeout": 24.91
    }
  },
  "episode176": {
    "problems": {
      "name": "problem_30480_30510",
      "time": 0.112,
      "routes": 228,
      "junctions": 137
    },
    "vehicles": {
      "total": 39,
      "scheduled": 27,
      "routed": 27,
      "short_route": 1,
      "invalid_route": 1
    },
    "results": {
      "name": "result_30480_30510",
      "cost": 0,
      "plans": 1,
      "timeout": 24.888
    }
  },
  "episode177": {
    "problems": {
      "name": "problem_30510_30540",
      "time": 0.092,
      "routes": 221,
      "junctions": 146
    },
    "vehicles": {
      "total": 45,
      "scheduled": 34,
      "routed": 34,
      "short_route": 1,
      "invalid_route": 1
    },
    "results": {
      "name": "result_30510_30540",
      "cost": 0,
      "plans": 1,
      "timeout": 24.908
    }
  },
  "episode178": {
    "problems": {
      "name": "problem_30540_30570",
      "time": 0.088,
      "routes": 185,
      "junctions": 127
    },
    "vehicles": {
      "total": 37,
      "scheduled": 21,
      "routed": 21,
      "short_route": 1,
      "invalid_route": 2
    },
    "results": {
      "name": "result_30540_30570",
      "cost": 0,
      "plans": 1,
      "timeout": 24.912
    }
  },
  "episode179": {
    "problems": {
      "name": "problem_30570_30600",
      "time": 0.087,
      "routes": 135,
      "junctions": 92
    },
    "vehicles": {
      "total": 11,
      "scheduled": 9,
      "routed": 9,
      "short_route": 0,
      "invalid_route": 1
    },
    "results": {
      "name": "result_30570_30600",
      "cost": 0,
      "plans": 1,
      "timeout": 24.913
    }
  },
  "episode180": {
    "problems": {
      "name": "problem_30600_30630",
      "time": 0.105,
      "routes": 265,
      "junctions": 163
    },
    "vehicles": {
      "total": 77,
      "scheduled": 53,
      "routed": 53,
      "short_route": 2,
      "invalid_route": 0
    },
    "results": {
      "name": "result_30600_30630",
      "cost": 0,
      "plans": 1,
      "timeout": 24.895
    }
  },
  "episode181": {
    "problems": {
      "name": "problem_30630_30660",
      "time": 0.086,
      "routes": 211,
      "junctions": 140
    },
    "vehicles": {
      "total": 24,
      "scheduled": 19,
      "routed": 19,
      "short_route": 0,
      "invalid_route": 1
    },
    "results": {
      "name": "result_30630_30660",
      "cost": 0,
      "plans": 1,
      "timeout": 24.914
    }
  },
  "episode182": {
    "problems": {
      "name": "problem_30660_30690",
      "time": 0.105,
      "routes": 201,
      "junctions": 141
    },
    "vehicles": {
      "total": 30,
      "scheduled": 21,
      "routed": 21,
      "short_route": 2,
      "invalid_route": 1
    },
    "results": {
      "name": "result_30660_30690",
      "cost": 0,
      "plans": 1,
      "timeout": 24.895
    }
  },
  "episode183": {
    "problems": {
      "name": "problem_30690_30720",
      "time": 0.091,
      "routes": 214,
      "junctions": 143
    },
    "vehicles": {
      "total": 34,
      "scheduled": 25,
      "routed": 25,
      "short_route": 1,
      "invalid_route": 0
    },
    "results": {
      "name": "result_30690_30720",
      "cost": 0,
      "plans": 1,
      "timeout": 24.909
    }
  },
  "episode184": {
    "problems": {
      "name": "problem_30720_30750",
      "time": 0.095,
      "routes": 236,
      "junctions": 153
    },
    "vehicles": {
      "total": 44,
      "scheduled": 35,
      "routed": 35,
      "short_route": 0,
      "invalid_route": 0
    },
    "results": {
      "name": "result_30720_30750",
      "cost": 0,
      "plans": 1,
      "timeout": 24.905
    }
  },
  "episode185": {
    "problems": {
      "name": "problem_30750_30780",
      "time": 0.084,
      "routes": 140,
      "junctions": 100
    },
    "vehicles": {
      "total": 15,
      "scheduled": 10,
      "routed": 10,
      "short_route": 0,
      "invalid_route": 0
    },
    "results": {
      "name": "result_30750_30780",
      "cost": 0,
      "plans": 1,
      "timeout": 24.916
    }
  },
  "episode186": {
    "problems": {
      "name": "problem_30780_30810",
      "time": 0.135,
      "routes": 247,
      "junctions": 151
    },
    "vehicles": {
      "total": 53,
      "scheduled": 35,
      "routed": 35,
      "short_route": 2,
      "invalid_route": 1
    },
    "results": {
      "name": "result_30780_30810",
      "cost": 0,
      "plans": 1,
      "timeout": 24.865
    }
  },
  "episode187": {
    "problems": {
      "name": "problem_30810_30840",
      "time": 0.092,
      "routes": 230,
      "junctions": 136
    },
    "vehicles": {
      "total": 28,
      "scheduled": 23,
      "routed": 23,
      "short_route": 1,
      "invalid_route": 0
    },
    "results": {
      "name": "result_30810_30840",
      "cost": 0,
      "plans": 1,
      "timeout": 24.908
    }
  },
  "episode188": {
    "problems": {
      "name": "problem_30840_30870",
      "time": 0.091,
      "routes": 208,
      "junctions": 136
    },
    "vehicles": {
      "total": 39,
      "scheduled": 22,
      "routed": 22,
      "short_route": 1,
      "invalid_route": 1
    },
    "results": {
      "name": "result_30840_30870",
      "cost": 0,
      "plans": 1,
      "timeout": 24.909
    }
  },
  "episode189": {
    "problems": {
      "name": "problem_30870_30900",
      "time": 0.096,
      "routes": 244,
      "junctions": 144
    },
    "vehicles": {
      "total": 40,
      "scheduled": 29,
      "routed": 29,
      "short_route": 1,
      "invalid_route": 0
    },
    "results": {
      "name": "result_30870_30900",
      "cost": 0,
      "plans": 1,
      "timeout": 24.904
    }
  },
  "episode190": {
    "problems": {
      "name": "problem_30900_30930",
      "time": 0.085,
      "routes": 209,
      "junctions": 133
    },
    "vehicles": {
      "total": 30,
      "scheduled": 19,
      "routed": 19,
      "short_route": 0,
      "invalid_route": 2
    },
    "results": {
      "name": "result_30900_30930",
      "cost": 0,
      "plans": 1,
      "timeout": 24.915
    }
  },
  "episode191": {
    "problems": {
      "name": "problem_30930_30960",
      "time": 0.101,
      "routes": 102,
      "junctions": 87
    },
    "vehicles": {
      "total": 7,
      "scheduled": 6,
      "routed": 6,
      "short_route": 0,
      "invalid_route": 0
    },
    "results": {
      "name": "result_30930_30960",
      "cost": 0,
      "plans": 1,
      "timeout": 24.899
    }
  },
  "episode192": {
    "problems": {
      "name": "problem_30960_30990",
      "time": 0.1,
      "routes": 243,
      "junctions": 151
    },
    "vehicles": {
      "total": 73,
      "scheduled": 44,
      "routed": 44,
      "short_route": 0,
      "invalid_route": 2
    },
    "results": {
      "name": "result_30960_30990",
      "cost": 0,
      "plans": 1,
      "timeout": 24.9
    }
  },
  "episode193": {
    "problems": {
      "name": "problem_30990_31020",
      "time": 0.082,
      "routes": 142,
      "junctions": 101
    },
    "vehicles": {
      "total": 23,
      "scheduled": 16,
      "routed": 16,
      "short_route": 0,
      "invalid_route": 0
    },
    "results": {
      "name": "result_30990_31020",
      "cost": 0,
      "plans": 1,
      "timeout": 24.918
    }
  },
  "episode194": {
    "problems": {
      "name": "problem_31020_31050",
      "time": 0.086,
      "routes": 198,
      "junctions": 127
    },
    "vehicles": {
      "total": 29,
      "scheduled": 19,
      "routed": 19,
      "short_route": 1,
      "invalid_route": 0
    },
    "results": {
      "name": "result_31020_31050",
      "cost": 0,
      "plans": 1,
      "timeout": 24.914
    }
  },
  "episode195": {
    "problems": {
      "name": "problem_31050_31080",
      "time": 1.065,
      "routes": 216,
      "junctions": 139
    },
    "vehicles": {
      "total": 34,
      "scheduled": 23,
      "routed": 23,
      "short_route": 0,
      "invalid_route": 0
    },
    "results": {
      "name": "result_31050_31080",
      "cost": 0,
      "plans": 1,
      "timeout": 23.935
    }
  },
  "episode196": {
    "problems": {
      "name": "problem_31080_31110",
      "time": 0.088,
      "routes": 212,
      "junctions": 137
    },
    "vehicles": {
      "total": 55,
      "scheduled": 30,
      "routed": 30,
      "short_route": 5,
      "invalid_route": 2
    },
    "results": {
      "name": "result_31080_31110",
      "cost": 0,
      "plans": 1,
      "timeout": 24.912
    }
  },
  "episode197": {
    "problems": {
      "name": "problem_31110_31140",
      "time": 0.081,
      "routes": 109,
      "junctions": 86
    },
    "vehicles": {
      "total": 13,
      "scheduled": 10,
      "routed": 10,
      "short_route": 0,
      "invalid_route": 0
    },
    "results": {
      "name": "result_31110_31140",
      "cost": 0,
      "plans": 1,
      "timeout": 24.919
    }
  },
  "episode198": {
    "problems": {
      "name": "problem_31140_31170",
      "time": 0.09,
      "routes": 244,
      "junctions": 147
    },
    "vehicles": {
      "total": 54,
      "scheduled": 33,
      "routed": 33,
      "short_route": 1,
      "invalid_route": 2
    },
    "results": {
      "name": "result_31140_31170",
      "cost": 0,
      "plans": 1,
      "timeout": 24.91
    }
  },
  "episode199": {
    "problems": {
      "name": "problem_31170_31200",
      "time": 0.088,
      "routes": 206,
      "junctions": 139
    },
    "vehicles": {
      "total": 20,
      "scheduled": 14,
      "routed": 14,
      "short_route": 2,
      "invalid_route": 0
    },
    "results": {
      "name": "result_31170_31200",
      "cost": 0,
      "plans": 1,
      "timeout": 24.912
    }
  },
  "episode200": {
    "problems": {
      "name": "problem_31200_31230",
      "time": 0.107,
      "routes": 180,
      "junctions": 122
    },
    "vehicles": {
      "total": 35,
      "scheduled": 20,
      "routed": 20,
      "short_route": 2,
      "invalid_route": 1
    },
    "results": {
      "name": "result_31200_31230",
      "cost": 0,
      "plans": 1,
      "timeout": 24.893
    }
  },
  "episode201": {
    "problems": {
      "name": "problem_31230_31260",
      "time": 0.091,
      "routes": 235,
      "junctions": 146
    },
    "vehicles": {
      "total": 43,
      "scheduled": 35,
      "routed": 35,
      "short_route": 1,
      "invalid_route": 0
    },
    "results": {
      "name": "result_31230_31260",
      "cost": 0,
      "plans": 1,
      "timeout": 24.909
    }
  },
  "episode202": {
    "problems": {
      "name": "problem_31260_31290",
      "time": 0.089,
      "routes": 192,
      "junctions": 133
    },
    "vehicles": {
      "total": 29,
      "scheduled": 23,
      "routed": 23,
      "short_route": 0,
      "invalid_route": 0
    },
    "results": {
      "name": "result_31260_31290",
      "cost": 0,
      "plans": 1,
      "timeout": 24.911
    }
  },
  "episode203": {
    "problems": {
      "name": "problem_31290_31320",
      "time": 0.081,
      "routes": 121,
      "junctions": 97
    },
    "vehicles": {
      "total": 9,
      "scheduled": 6,
      "routed": 6,
      "short_route": 1,
      "invalid_route": 0
    },
    "results": {
      "name": "result_31290_31320",
      "cost": 0,
      "plans": 1,
      "timeout": 24.919
    }
  },
  "episode204": {
    "problems": {
      "name": "problem_31320_31350",
      "time": 0.098,
      "routes": 252,
      "junctions": 158
    },
    "vehicles": {
      "total": 79,
      "scheduled": 52,
      "routed": 52,
      "short_route": 2,
      "invalid_route": 0
    },
    "results": {
      "name": "result_31320_31350",
      "cost": 0,
      "plans": 1,
      "timeout": 24.902
    }
  },
  "episode205": {
    "problems": {
      "name": "problem_31350_31380",
      "time": 0.091,
      "routes": 176,
      "junctions": 122
    },
    "vehicles": {
      "total": 24,
      "scheduled": 18,
      "routed": 18,
      "short_route": 0,
      "invalid_route": 2
    },
    "results": {
      "name": "result_31350_31380",
      "cost": 0,
      "plans": 1,
      "timeout": 24.909
    }
  },
  "episode206": {
    "problems": {
      "name": "problem_31380_31410",
      "time": 0.092,
      "routes": 196,
      "junctions": 133
    },
    "vehicles": {
      "total": 26,
      "scheduled": 16,
      "routed": 16,
      "short_route": 0,
      "invalid_route": 1
    },
    "results": {
      "name": "result_31380_31410",
      "cost": 0,
      "plans": 1,
      "timeout": 24.908
    }
  },
  "episode207": {
    "problems": {
      "name": "problem_31410_31440",
      "time": 0.09,
      "routes": 200,
      "junctions": 142
    },
    "vehicles": {
      "total": 25,
      "scheduled": 17,
      "routed": 17,
      "short_route": 0,
      "invalid_route": 0
    },
    "results": {
      "name": "result_31410_31440",
      "cost": 0,
      "plans": 1,
      "timeout": 24.91
    }
  },
  "episode208": {
    "problems": {
      "name": "problem_31440_31470",
      "time": 0.145,
      "routes": 259,
      "junctions": 156
    },
    "vehicles": {
      "total": 45,
      "scheduled": 36,
      "routed": 36,
      "short_route": 1,
      "invalid_route": 1
    },
    "results": {
      "name": "result_31440_31470",
      "cost": 0,
      "plans": 1,
      "timeout": 24.855
    }
  },
  "episode209": {
    "problems": {
      "name": "problem_31470_31500",
      "time": 0.09,
      "routes": 172,
      "junctions": 125
    },
    "vehicles": {
      "total": 15,
      "scheduled": 8,
      "routed": 8,
      "short_route": 1,
      "invalid_route": 0
    },
    "results": {
      "name": "result_31470_31500",
      "cost": 0,
      "plans": 1,
      "timeout": 24.91
    }
  },
  "episode210": {
    "problems": {
      "name": "problem_31500_31530",
      "time": 0.092,
      "routes": 197,
      "junctions": 130
    },
    "vehicles": {
      "total": 35,
      "scheduled": 20,
      "routed": 20,
      "short_route": 2,
      "invalid_route": 2
    },
    "results": {
      "name": "result_31500_31530",
      "cost": 0,
      "plans": 1,
      "timeout": 24.908
    }
  },
  "episode211": {
    "problems": {
      "name": "problem_31530_31560",
      "time": 0.087,
      "routes": 157,
      "junctions": 114
    },
    "vehicles": {
      "total": 24,
      "scheduled": 13,
      "routed": 13,
      "short_route": 1,
      "invalid_route": 1
    },
    "results": {
      "name": "result_31530_31560",
      "cost": 0,
      "plans": 1,
      "timeout": 24.913
    }
  },
  "episode212": {
    "problems": {
      "name": "problem_31560_31590",
      "time": 0.094,
      "routes": 195,
      "junctions": 134
    },
    "vehicles": {
      "total": 26,
      "scheduled": 15,
      "routed": 15,
      "short_route": 0,
      "invalid_route": 0
    },
    "results": {
      "name": "result_31560_31590",
      "cost": 0,
      "plans": 1,
      "timeout": 24.906
    }
  },
  "episode213": {
    "problems": {
      "name": "problem_31590_31620",
      "time": 0.097,
      "routes": 219,
      "junctions": 134
    },
    "vehicles": {
      "total": 25,
      "scheduled": 18,
      "routed": 18,
      "short_route": 1,
      "invalid_route": 0
    },
    "results": {
      "name": "result_31590_31620",
      "cost": 0,
      "plans": 1,
      "timeout": 24.903
    }
  },
  "episode214": {
    "problems": {
      "name": "problem_31620_31650",
      "time": 0.081,
      "routes": 101,
      "junctions": 81
    },
    "vehicles": {
      "total": 16,
      "scheduled": 10,
      "routed": 10,
      "short_route": 0,
      "invalid_route": 0
    },
    "results": {
      "name": "result_31620_31650",
      "cost": 0,
      "plans": 1,
      "timeout": 24.919
    }
  },
  "episode215": {
    "problems": {
      "name": "problem_31650_31680",
      "time": 0.079,
      "routes": 64,
      "junctions": 57
    },
    "vehicles": {
      "total": 9,
      "scheduled": 4,
      "routed": 4,
      "short_route": 1,
      "invalid_route": 0
    },
    "results": {
      "name": "result_31650_31680",
      "cost": 0,
      "plans": 1,
      "timeout": 24.921
    }
  },
  "episode216": {
    "problems": {
      "name": "problem_31680_31710",
      "time": 0.101,
      "routes": 218,
      "junctions": 144
    },
    "vehicles": {
      "total": 57,
      "scheduled": 34,
      "routed": 34,
      "short_route": 1,
      "invalid_route": 1
    },
    "results": {
      "name": "result_31680_31710",
      "cost": 0,
      "plans": 1,
      "timeout": 24.899
    }
  },
  "episode217": {
    "problems": {
      "name": "problem_31710_31740",
      "time": 0.081,
      "routes": 140,
      "junctions": 107
    },
    "vehicles": {
      "total": 13,
      "scheduled": 12,
      "routed": 12,
      "short_route": 0,
      "invalid_route": 0
    },
    "results": {
      "name": "result_31710_31740",
      "cost": 0,
      "plans": 1,
      "timeout": 24.919
    }
  },
  "episode218": {
    "problems": {
      "name": "problem_31740_31770",
      "time": 0.083,
      "routes": 159,
      "junctions": 117
    },
    "vehicles": {
      "total": 19,
      "scheduled": 13,
      "routed": 13,
      "short_route": 1,
      "invalid_route": 1
    },
    "results": {
      "name": "result_31740_31770",
      "cost": 0,
      "plans": 1,
      "timeout": 24.917
    }
  },
  "episode219": {
    "problems": {
      "name": "problem_31770_31800",
      "time": 0.094,
      "routes": 180,
      "junctions": 126
    },
    "vehicles": {
      "total": 30,
      "scheduled": 17,
      "routed": 17,
      "short_route": 1,
      "invalid_route": 2
    },
    "results": {
      "name": "result_31770_31800",
      "cost": 0,
      "plans": 1,
      "timeout": 24.906
    }
  },
  "episode220": {
    "problems": {
      "name": "problem_31800_31830",
      "time": 0.131,
      "routes": 206,
      "junctions": 141
    },
    "vehicles": {
      "total": 26,
      "scheduled": 17,
      "routed": 17,
      "short_route": 1,
      "invalid_route": 0
    },
    "results": {
      "name": "result_31800_31830",
      "cost": 0,
      "plans": 1,
      "timeout": 24.869
    }
  },
  "episode221": {
    "problems": {
      "name": "problem_31830_31860",
      "time": 0.087,
      "routes": 112,
      "junctions": 93
    },
    "vehicles": {
      "total": 9,
      "scheduled": 6,
      "routed": 6,
      "short_route": 0,
      "invalid_route": 1
    },
    "results": {
      "name": "result_31830_31860",
      "cost": 0,
      "plans": 1,
      "timeout": 24.913
    }
  },
  "episode222": {
    "problems": {
      "name": "problem_31860_31890",
      "time": 0.094,
      "routes": 206,
      "junctions": 131
    },
    "vehicles": {
      "total": 27,
      "scheduled": 18,
      "routed": 18,
      "short_route": 2,
      "invalid_route": 0
    },
    "results": {
      "name": "result_31860_31890",
      "cost": 0,
      "plans": 1,
      "timeout": 24.906
    }
  },
  "episode223": {
    "problems": {
      "name": "problem_31890_31920",
      "time": 0.1,
      "routes": 179,
      "junctions": 122
    },
    "vehicles": {
      "total": 14,
      "scheduled": 10,
      "routed": 10,
      "short_route": 0,
      "invalid_route": 0
    },
    "results": {
      "name": "result_31890_31920",
      "cost": 0,
      "plans": 1,
      "timeout": 24.9
    }
  },
  "episode224": {
    "problems": {
      "name": "problem_31920_31950",
      "time": 0.104,
      "routes": 180,
      "junctions": 127
    },
    "vehicles": {
      "total": 22,
      "scheduled": 13,
      "routed": 13,
      "short_route": 1,
      "invalid_route": 2
    },
    "results": {
      "name": "result_31920_31950",
      "cost": 0,
      "plans": 1,
      "timeout": 24.896
    }
  },
  "episode225": {
    "problems": {
      "name": "problem_31950_31980",
      "time": 0.088,
      "routes": 137,
      "junctions": 99
    },
    "vehicles": {
      "total": 22,
      "scheduled": 11,
      "routed": 11,
      "short_route": 0,
      "invalid_route": 1
    },
    "results": {
      "name": "result_31950_31980",
      "cost": 0,
      "plans": 1,
      "timeout": 24.912
    }
  },
  "episode226": {
    "problems": {
      "name": "problem_31980_32010",
      "time": 0.085,
      "routes": 107,
      "junctions": 75
    },
    "vehicles": {
      "total": 12,
      "scheduled": 9,
      "routed": 9,
      "short_route": 0,
      "invalid_route": 0
    },
    "results": {
      "name": "result_31980_32010",
      "cost": 0,
      "plans": 1,
      "timeout": 24.915
    }
  },
  "episode227": {
    "problems": {
      "name": "problem_32040_32070",
      "time": 0.106,
      "routes": 208,
      "junctions": 137
    },
    "vehicles": {
      "total": 38,
      "scheduled": 18,
      "routed": 18,
      "short_route": 2,
      "invalid_route": 2
    },
    "results": {
      "name": "result_32040_32070",
      "cost": 0,
      "plans": 1,
      "timeout": 24.894
    }
  },
  "episode228": {
    "problems": {
      "name": "problem_32070_32100",
      "time": 1.32,
      "routes": 83,
      "junctions": 69
    },
    "vehicles": {
      "total": 14,
      "scheduled": 6,
      "routed": 6,
      "short_route": 0,
      "invalid_route": 0
    },
    "results": {
      "name": "result_32070_32100",
      "cost": 0,
      "plans": 1,
      "timeout": 23.68
    }
  },
  "episode229": {
    "problems": {
      "name": "problem_32100_32130",
      "time": 0.082,
      "routes": 67,
      "junctions": 56
    },
    "vehicles": {
      "total": 5,
      "scheduled": 3,
      "routed": 3,
      "short_route": 0,
      "invalid_route": 0
    },
    "results": {
      "name": "result_32100_32130",
      "cost": 0,
      "plans": 1,
      "timeout": 24.918
    }
  },
  "episode230": {
    "problems": {
      "name": "problem_32130_32160",
      "time": 0.094,
      "routes": 192,
      "junctions": 116
    },
    "vehicles": {
      "total": 17,
      "scheduled": 12,
      "routed": 12,
      "short_route": 0,
      "invalid_route": 0
    },
    "results": {
      "name": "result_32130_32160",
      "cost": 0,
      "plans": 1,
      "timeout": 24.906
    }
  },
  "episode231": {
    "problems": {
      "name": "problem_32160_32190",
      "time": 0.084,
      "routes": 92,
      "junctions": 73
    },
    "vehicles": {
      "total": 20,
      "scheduled": 4,
      "routed": 4,
      "short_route": 1,
      "invalid_route": 0
    },
    "results": {
      "name": "result_32160_32190",
      "cost": 0,
      "plans": 1,
      "timeout": 24.916
    }
  },
  "episode232": {
    "problems": {
      "name": "problem_32190_32220",
      "time": 0.084,
      "routes": 102,
      "junctions": 86
    },
    "vehicles": {
      "total": 11,
      "scheduled": 5,
      "routed": 5,
      "short_route": 1,
      "invalid_route": 1
    },
    "results": {
      "name": "result_32190_32220",
      "cost": 0,
      "plans": 1,
      "timeout": 24.916
    }
  },
  "episode233": {
    "problems": {
      "name": "problem_32220_32250",
      "time": 0.085,
      "routes": 118,
      "junctions": 81
    },
    "vehicles": {
      "total": 17,
      "scheduled": 12,
      "routed": 12,
      "short_route": 0,
      "invalid_route": 0
    },
    "results": {
      "name": "result_32220_32250",
      "cost": 0,
      "plans": 1,
      "timeout": 24.915
    }
  },
  "episode234": {
    "problems": {
      "name": "problem_32250_32280",
      "time": 0.081,
      "routes": 82,
      "junctions": 62
    },
    "vehicles": {
      "total": 8,
      "scheduled": 3,
      "routed": 3,
      "short_route": 1,
      "invalid_route": 0
    },
    "results": {
      "name": "result_32250_32280",
      "cost": 0,
      "plans": 1,
      "timeout": 24.919
    }
  },
  "episode235": {
    "problems": {
      "name": "problem_32280_32310",
      "time": 0.086,
      "routes": 164,
      "junctions": 122
    },
    "vehicles": {
      "total": 19,
      "scheduled": 10,
      "routed": 10,
      "short_route": 2,
      "invalid_route": 0
    },
    "results": {
      "name": "result_32280_32310",
      "cost": 0,
      "plans": 1,
      "timeout": 24.914
    }
  },
  "episode236": {
    "problems": {
      "name": "problem_32310_32340",
      "time": 0.1,
      "routes": 160,
      "junctions": 109
    },
    "vehicles": {
      "total": 18,
      "scheduled": 10,
      "routed": 10,
      "short_route": 2,
      "invalid_route": 2
    },
    "results": {
      "name": "result_32310_32340",
      "cost": 0,
      "plans": 1,
      "timeout": 24.9
    }
  },
  "episode237": {
    "problems": {
      "name": "problem_32340_32370",
      "time": 0.082,
      "routes": 123,
      "junctions": 99
    },
    "vehicles": {
      "total": 13,
      "scheduled": 6,
      "routed": 6,
      "short_route": 0,
      "invalid_route": 0
    },
    "results": {
      "name": "result_32340_32370",
      "cost": 0,
      "plans": 1,
      "timeout": 24.918
    }
  }
}