name,loaded,inserted,running,waiting,total,jam,yield lane,wrong lane,collisions,stops,braking,vehicles,routeLength,speed,duration,waiting time,timeLoss,departDelay,total travel time,total depart delay
stats,4712,4712,151,0,5,1,4,0,0,0,14,4561,2420.30,7.68,323.63,47.06,95.85,0.30,1476098.50,1372.59
stats_full,4712,4712,0,0,5,1,4,0,0,0,14,4712,2435.76,7.69,325.13,46.76,95.62,0.30,1532039.50,1397.69
stats_full_routed,4712,4712,0,0,0,0,0,0,0,0,6,4712,2201.11,8.24,269.14,37.78,75.40,0.21,1268189.50,993.19
stats_routed,4712,4712,125,0,0,0,0,0,0,0,6,4587,2192.21,8.24,268.07,37.52,75.03,0.21,1229654.00,981.51
