<?xml version="1.0" encoding="UTF-8"?>

<!-- generated on 2024-05-11 17:49:50 by Eclipse SUMO sumo Version 1.18.0
<configuration xmlns:xsi="http://www.w3.org/2001/XMLSchema-instance" xsi:noNamespaceSchemaLocation="http://sumo.dlr.de/xsd/sumoConfiguration.xsd">

    <input>
        <net-file value="/home/svadlmat/UTC/utc/data/scenarios/itsc_25200_32400_red_planned/config/../../../maps/sumo/DCC.net.xml"/>
        <additional-files value="/home/svadlmat/UTC/utc/data/scenarios/itsc_25200_32400_red_planned/config/../../itsc_25200_32400_red_planned/additional/itsc_25200_32400_red_planned.rou.xml,/home/svadlmat/UTC/utc/data/scenarios/itsc_25200_32400_red_planned/config/../../itsc_25200_32400_red_planned/additional/itsc_25200_32400_red_planned_vehicles.add.xml,/home/svadlmat/UTC/utc/data/scenarios/itsc_25200_32400_red_planned/config/../../Base/DCC_trafficlights.add.xml"/>
    </input>

    <output>
        <statistic-output value="stats.xml"/>
    </output>

    <time>
        <begin value="25200"/>
        <end value="32400"/>
        <step-length value="0.5"/>
    </time>

    <report>
        <no-warnings value="true"/>
        <duration-log.statistics value="true"/>
    </report>

</configuration>
-->

<statistics xmlns:xsi="http://www.w3.org/2001/XMLSchema-instance" xsi:noNamespaceSchemaLocation="http://sumo.dlr.de/xsd/statistic_file.xsd">
    <performance clockBegin="1715442590.85" clockEnd="1715442629.44" clockDuration="38.58" traciDuration="41.64" realTimeFactor="186.61" vehicleUpdatesPerSecond="78164.65" personUpdatesPerSecond="0.00" begin="25200.00" end="32400.00" duration="7200.00"/>
    <vehicles loaded="4712" inserted="4712" running="151" waiting="0"/>
    <teleports total="5" jam="1" yield="4" wrongLane="0"/>
    <safety collisions="0" emergencyStops="0" emergencyBraking="14"/>
    <persons loaded="0" running="0" jammed="0"/>
    <personTeleports total="0" abortWait="0" wrongDest="0"/>
    <vehicleTripStatistics count="4561" routeLength="2420.30" speed="7.68" duration="323.63" waitingTime="47.06" timeLoss="95.85" departDelay="0.30" departDelayWaiting="-1.00" totalTravelTime="1476098.50" totalDepartDelay="1372.59"/>
    <pedestrianStatistics number="0" routeLength="0.00" duration="0.00" timeLoss="0.00"/>
    <rideStatistics number="0"/>
    <transportStatistics number="0"/>
</statistics>
